-- phpMyAdmin SQL Dump
-- version 5.0.2
-- https://www.phpmyadmin.net/
--
-- Host: 127.0.0.1
-- Generation Time: Jul 23, 2020 at 08:36 AM
-- Server version: 10.4.11-MariaDB
-- PHP Version: 7.2.29

SET SQL_MODE = "NO_AUTO_VALUE_ON_ZERO";
START TRANSACTION;
SET time_zone = "+00:00";


/*!40101 SET @OLD_CHARACTER_SET_CLIENT=@@CHARACTER_SET_CLIENT */;
/*!40101 SET @OLD_CHARACTER_SET_RESULTS=@@CHARACTER_SET_RESULTS */;
/*!40101 SET @OLD_COLLATION_CONNECTION=@@COLLATION_CONNECTION */;
/*!40101 SET NAMES utf8mb4 */;

--
-- Database: `clientmsdb2`
--

-- --------------------------------------------------------

--
-- Table structure for table `invoices`
--

CREATE TABLE `invoices` (
  `invoice_id` int(20) NOT NULL,
  `invoice_no` varchar(20) COLLATE latin1_general_ci NOT NULL,
  `invoice_date` date NOT NULL,
  `client_id` int(20) NOT NULL,
  `service_id` int(20) NOT NULL,
  `service_charge` varchar(100) COLLATE latin1_general_ci NOT NULL,
  `amount` varchar(200) COLLATE latin1_general_ci NOT NULL,
  `repayment_amount` varchar(200) COLLATE latin1_general_ci NOT NULL,
  `repayment_startdate` date NOT NULL,
  `date_created` varchar(200) COLLATE latin1_general_ci NOT NULL,
  `status` int(1) NOT NULL DEFAULT 1
) ENGINE=InnoDB DEFAULT CHARSET=latin1 COLLATE=latin1_general_ci;

--
-- Dumping data for table `invoices`
--

INSERT INTO `invoices` (`invoice_id`, `invoice_no`, `invoice_date`, `client_id`, `service_id`, `service_charge`, `amount`, `repayment_amount`, `repayment_startdate`, `date_created`, `status`) VALUES
(1, '68', '2020-06-11', 12, 1, '150', '2000', '2400', '2020-06-11', '2020-06-11 23:11:56', 1),
(2, '69', '2020-06-11', 14, 1, '150', '5000', '6000', '2020-06-12', '2020-06-11 23:12:40', 1),
(3, '70', '2020-06-11', 7, 1, '150', '2500', '3000', '2020-06-11', '2020-06-11 23:13:22', 1),
(4, '71', '2020-06-12', 42, 1, '150', '5000', '6000', '2020-06-12', '2020-06-12 22:59:31', 1),
(5, '72', '2020-06-12', 48, 1, '150', '4000', '4800', '2020-06-12', '2020-06-12 23:04:28', 1),
(6, '73', '2020-06-12', 22, 1, '150', '3500', '4200', '2020-06-12', '2020-06-12 23:05:39', 1),
(7, '74', '2020-06-12', 9, 1, '150', '3500', '4200', '2020-06-12', '2020-06-12 23:06:43', 1),
(8, '75', '2020-06-12', 5, 1, '150', '2000', '2400', '2020-06-12', '2020-06-12 23:07:47', 1),
(9, '76', '2020-06-12', 26, 1, '150', '3000', '3600', '2020-06-12', '2020-06-12 23:10:48', 1),
(10, '77', '2020-06-12', 51, 1, '150', '2000', '2400', '2020-06-12', '2020-06-12 23:11:25', 1),
(11, '78', '2020-06-12', 4, 1, '150', '2000', '2400', '2020-06-12', '2020-06-12 23:11:57', 1),
(12, '79', '2020-06-12', 13, 1, '150', '3000', '3600', '2020-06-12', '2020-06-12 23:15:43', 1),
(13, '80', '2020-06-12', 37, 1, '150', '2500', '3000', '2020-06-12', '2020-06-12 23:16:36', 1),
(14, '81', '2020-06-12', 10, 1, '150', '2000', '2400', '2020-06-12', '2020-06-12 23:19:57', 1),
(15, '82', '2020-06-12', 28, 1, '150', '3000', '3600', '2020-06-12', '2020-06-12 23:20:39', 1),
(16, '83', '2020-06-12', 34, 1, '150', '3000', '3600', '2020-06-12', '2020-06-12 23:22:25', 1),
(17, '84', '2020-06-12', 19, 1, '150', '3000', '3600', '2020-06-12', '2020-06-12 23:23:06', 1),
(18, '85', '2020-06-12', 20, 1, '150', '3000', '3600', '2020-06-12', '2020-06-12 23:25:09', 1),
(19, '86', '2020-06-12', 24, 1, '150', '2000', '2400', '2020-06-12', '2020-06-12 23:25:58', 1),
(20, '87', '2020-06-12', 45, 1, '150', '2000', '2400', '2020-06-12', '2020-06-12 23:27:10', 1),
(21, '88', '2020-06-12', 46, 1, '150', '3000', '3600', '2020-06-12', '2020-06-12 23:27:46', 1),
(22, '89', '2020-06-12', 41, 1, '150', '3000', '3600', '2020-06-12', '2020-06-12 23:28:59', 1),
(23, '90', '2020-06-12', 52, 1, '150', '3000', '3600', '2020-06-12', '2020-06-12 23:29:41', 1),
(24, '91', '2020-06-12', 3, 1, '150', '2000', '2400', '2020-06-12', '2020-06-12 23:31:30', 1),
(25, '92', '2020-06-12', 25, 1, '150', '3500', '4200', '2020-06-12', '2020-06-12 23:32:18', 1),
(26, '93', '2020-06-12', 50, 1, '150', '2000', '2400', '2020-06-12', '2020-06-12 23:32:50', 1),
(27, '94', '2020-06-12', 36, 1, '150', '3000', '3600', '2020-06-12', '2020-06-12 23:33:47', 1),
(28, '95', '2020-06-12', 30, 1, '150', '3000', '3600', '2020-06-12', '2020-06-12 23:36:46', 1),
(29, '96', '2020-06-12', 40, 1, '150', '3000', '3600', '2020-06-12', '2020-06-12 23:38:52', 1),
(30, '97', '2020-06-12', 47, 1, '150', '3000', '3600', '2020-06-12', '2020-06-12 23:39:40', 1),
(31, '98', '2020-06-12', 1, 1, '150', '2000', '2400', '2020-06-12', '2020-06-12 23:41:43', 1),
(32, '99', '2020-06-12', 31, 1, '150', '3000', '3600', '2020-06-12', '2020-06-12 23:42:16', 1),
(33, '100', '2020-06-12', 53, 1, '150', '3000', '3600', '2020-06-12', '2020-06-12 23:43:37', 1),
(34, '101', '2020-06-12', 43, 1, '150', '3000', '3600', '2020-06-12', '2020-06-12 23:44:11', 1),
(35, '102', '2020-06-12', 32, 1, '150', '3000', '3600', '2020-06-12', '2020-06-12 23:47:35', 1),
(36, '103', '2020-06-12', 8, 1, '150', '2500', '3000', '2020-06-12', '2020-06-12 23:48:52', 1),
(37, '104', '2020-06-12', 29, 1, '150', '3500', '4200', '2020-06-12', '2020-06-12 23:55:57', 1),
(38, '105', '2020-06-18', 54, 1, '150', '2000', '2400', '2020-06-20', '2020-06-18 16:19:26', 1);

-- --------------------------------------------------------

--
-- Table structure for table `invoice_items`
--

CREATE TABLE `invoice_items` (
  `id` int(20) NOT NULL,
  `invoice_id` int(20) NOT NULL,
  `amount` varchar(200) COLLATE latin1_general_ci NOT NULL,
  `repayment_date` date NOT NULL,
  `amount_paid` varchar(200) COLLATE latin1_general_ci NOT NULL,
  `date_paid` date NOT NULL,
  `status` int(1) NOT NULL DEFAULT 1
) ENGINE=InnoDB DEFAULT CHARSET=latin1 COLLATE=latin1_general_ci;

--
-- Dumping data for table `invoice_items`
--

INSERT INTO `invoice_items` (`id`, `invoice_id`, `amount`, `repayment_date`, `amount_paid`, `date_paid`, `status`) VALUES
(1, 1, '200', '2020-06-11', '', '0000-00-00', 1),
(2, 1, '200', '2020-06-12', '', '0000-00-00', 1),
(3, 1, '200', '2020-06-13', '', '0000-00-00', 1),
(4, 1, '200', '2020-06-15', '', '0000-00-00', 1),
(5, 1, '200', '2020-06-16', '', '0000-00-00', 1),
(6, 1, '200', '2020-06-17', '', '0000-00-00', 1),
(7, 1, '200', '2020-06-18', '', '0000-00-00', 1),
(8, 1, '200', '2020-06-19', '', '0000-00-00', 1),
(9, 1, '200', '2020-06-20', '', '0000-00-00', 1),
(10, 1, '200', '2020-06-22', '', '0000-00-00', 1),
(11, 1, '200', '2020-06-23', '', '0000-00-00', 1),
(12, 1, '200', '2020-06-24', '', '0000-00-00', 1),
(13, 2, '500', '2020-06-12', '', '0000-00-00', 1),
(14, 2, '500', '2020-06-13', '', '0000-00-00', 1),
(15, 2, '500', '2020-06-15', '', '0000-00-00', 1),
(16, 2, '500', '2020-06-16', '', '0000-00-00', 1),
(17, 2, '500', '2020-06-17', '', '0000-00-00', 1),
(18, 2, '500', '2020-06-18', '', '0000-00-00', 1),
(19, 2, '500', '2020-06-19', '', '0000-00-00', 1),
(20, 2, '500', '2020-06-20', '', '0000-00-00', 1),
(21, 2, '500', '2020-06-22', '', '0000-00-00', 1),
(22, 2, '500', '2020-06-23', '', '0000-00-00', 1),
(23, 2, '500', '2020-06-24', '', '0000-00-00', 1),
(24, 2, '500', '2020-06-25', '', '0000-00-00', 1),
(25, 3, '250', '2020-06-11', '3000', '2020-06-20', 1),
(26, 3, '250', '2020-06-12', '', '0000-00-00', 1),
(27, 3, '250', '2020-06-13', '', '0000-00-00', 1),
(28, 3, '250', '2020-06-15', '', '0000-00-00', 1),
(29, 3, '250', '2020-06-16', '', '0000-00-00', 1),
(30, 3, '250', '2020-06-17', '', '0000-00-00', 1),
(31, 3, '250', '2020-06-18', '', '0000-00-00', 1),
(32, 3, '250', '2020-06-19', '', '0000-00-00', 1),
(33, 3, '250', '2020-06-20', '', '0000-00-00', 1),
(34, 3, '250', '2020-06-22', '', '0000-00-00', 1),
(35, 3, '250', '2020-06-23', '', '0000-00-00', 1),
(36, 3, '250', '2020-06-24', '', '0000-00-00', 1),
(37, 4, '500', '2020-06-12', '3000', '2020-06-12', 1),
(38, 4, '500', '2020-06-13', '', '0000-00-00', 1),
(39, 4, '500', '2020-06-15', '', '0000-00-00', 1),
(40, 4, '500', '2020-06-16', '', '0000-00-00', 1),
(41, 4, '500', '2020-06-17', '', '0000-00-00', 1),
(42, 4, '500', '2020-06-18', '', '0000-00-00', 1),
(43, 4, '500', '2020-06-19', '', '0000-00-00', 1),
(44, 4, '500', '2020-06-20', '', '0000-00-00', 1),
(45, 4, '500', '2020-06-22', '', '0000-00-00', 1),
(46, 4, '500', '2020-06-23', '', '0000-00-00', 1),
(47, 4, '500', '2020-06-24', '', '0000-00-00', 1),
(48, 4, '500', '2020-06-25', '', '0000-00-00', 1),
(49, 5, '400', '2020-06-12', '2800', '2020-06-12', 1),
(50, 5, '400', '2020-06-13', '', '0000-00-00', 1),
(51, 5, '400', '2020-06-15', '', '0000-00-00', 1),
(52, 5, '400', '2020-06-16', '', '0000-00-00', 1),
(53, 5, '400', '2020-06-17', '', '0000-00-00', 1),
(54, 5, '400', '2020-06-18', '', '0000-00-00', 1),
(55, 5, '400', '2020-06-19', '', '0000-00-00', 1),
(56, 5, '400', '2020-06-20', '', '0000-00-00', 1),
(57, 5, '400', '2020-06-22', '', '0000-00-00', 1),
(58, 5, '400', '2020-06-23', '', '0000-00-00', 1),
(59, 5, '400', '2020-06-24', '', '0000-00-00', 1),
(60, 5, '400', '2020-06-25', '', '0000-00-00', 1),
(61, 6, '350', '2020-06-12', '2000', '2020-06-12', 1),
(62, 6, '350', '2020-06-13', '', '0000-00-00', 1),
(63, 6, '350', '2020-06-15', '', '0000-00-00', 1),
(64, 6, '350', '2020-06-16', '', '0000-00-00', 1),
(65, 6, '350', '2020-06-17', '', '0000-00-00', 1),
(66, 6, '350', '2020-06-18', '', '0000-00-00', 1),
(67, 6, '350', '2020-06-19', '', '0000-00-00', 1),
(68, 6, '350', '2020-06-20', '', '0000-00-00', 1),
(69, 6, '350', '2020-06-22', '', '0000-00-00', 1),
(70, 6, '350', '2020-06-23', '', '0000-00-00', 1),
(71, 6, '350', '2020-06-24', '', '0000-00-00', 1),
(72, 6, '350', '2020-06-25', '', '0000-00-00', 1),
(73, 7, '350', '2020-06-12', '2600', '2020-06-12', 1),
(74, 7, '350', '2020-06-13', '', '0000-00-00', 1),
(75, 7, '350', '2020-06-15', '', '0000-00-00', 1),
(76, 7, '350', '2020-06-16', '', '0000-00-00', 1),
(77, 7, '350', '2020-06-17', '', '0000-00-00', 1),
(78, 7, '350', '2020-06-18', '', '0000-00-00', 1),
(79, 7, '350', '2020-06-19', '', '0000-00-00', 1),
(80, 7, '350', '2020-06-20', '', '0000-00-00', 1),
(81, 7, '350', '2020-06-22', '', '0000-00-00', 1),
(82, 7, '350', '2020-06-23', '', '0000-00-00', 1),
(83, 7, '350', '2020-06-24', '', '0000-00-00', 1),
(84, 7, '350', '2020-06-25', '', '0000-00-00', 1),
(85, 8, '200', '2020-06-12', '400', '2020-06-13', 1),
(86, 8, '200', '2020-06-13', '', '0000-00-00', 1),
(87, 8, '200', '2020-06-15', '', '0000-00-00', 1),
(88, 8, '200', '2020-06-16', '', '0000-00-00', 1),
(89, 8, '200', '2020-06-17', '', '0000-00-00', 1),
(90, 8, '200', '2020-06-18', '', '0000-00-00', 1),
(91, 8, '200', '2020-06-19', '', '0000-00-00', 1),
(92, 8, '200', '2020-06-20', '', '0000-00-00', 1),
(93, 8, '200', '2020-06-22', '', '0000-00-00', 1),
(94, 8, '200', '2020-06-23', '', '0000-00-00', 1),
(95, 8, '200', '2020-06-24', '', '0000-00-00', 1),
(96, 8, '200', '2020-06-25', '', '0000-00-00', 1),
(97, 9, '300', '2020-06-12', '2700', '2020-06-13', 1),
(98, 9, '300', '2020-06-13', '', '0000-00-00', 1),
(99, 9, '300', '2020-06-15', '', '0000-00-00', 1),
(100, 9, '300', '2020-06-16', '', '0000-00-00', 1),
(101, 9, '300', '2020-06-17', '', '0000-00-00', 1),
(102, 9, '300', '2020-06-18', '', '0000-00-00', 1),
(103, 9, '300', '2020-06-19', '', '0000-00-00', 1),
(104, 9, '300', '2020-06-20', '', '0000-00-00', 1),
(105, 9, '300', '2020-06-22', '', '0000-00-00', 1),
(106, 9, '300', '2020-06-23', '', '0000-00-00', 1),
(107, 9, '300', '2020-06-24', '', '0000-00-00', 1),
(108, 9, '300', '2020-06-25', '', '0000-00-00', 1),
(109, 10, '200', '2020-06-12', '', '0000-00-00', 1),
(110, 10, '200', '2020-06-13', '', '0000-00-00', 1),
(111, 10, '200', '2020-06-15', '', '0000-00-00', 1),
(112, 10, '200', '2020-06-16', '', '0000-00-00', 1),
(113, 10, '200', '2020-06-17', '', '0000-00-00', 1),
(114, 10, '200', '2020-06-18', '', '0000-00-00', 1),
(115, 10, '200', '2020-06-19', '', '0000-00-00', 1),
(116, 10, '200', '2020-06-20', '', '0000-00-00', 1),
(117, 10, '200', '2020-06-22', '', '0000-00-00', 1),
(118, 10, '200', '2020-06-23', '', '0000-00-00', 1),
(119, 10, '200', '2020-06-24', '', '0000-00-00', 1),
(120, 10, '200', '2020-06-25', '', '0000-00-00', 1),
(121, 11, '200', '2020-06-12', '', '0000-00-00', 1),
(122, 11, '200', '2020-06-13', '', '0000-00-00', 1),
(123, 11, '200', '2020-06-15', '', '0000-00-00', 1),
(124, 11, '200', '2020-06-16', '', '0000-00-00', 1),
(125, 11, '200', '2020-06-17', '', '0000-00-00', 1),
(126, 11, '200', '2020-06-18', '', '0000-00-00', 1),
(127, 11, '200', '2020-06-19', '', '0000-00-00', 1),
(128, 11, '200', '2020-06-20', '', '0000-00-00', 1),
(129, 11, '200', '2020-06-22', '', '0000-00-00', 1),
(130, 11, '200', '2020-06-23', '', '0000-00-00', 1),
(131, 11, '200', '2020-06-24', '', '0000-00-00', 1),
(132, 11, '200', '2020-06-25', '', '0000-00-00', 1),
(133, 12, '300', '2020-06-12', '', '0000-00-00', 1),
(134, 12, '300', '2020-06-13', '', '0000-00-00', 1),
(135, 12, '300', '2020-06-15', '', '0000-00-00', 1),
(136, 12, '300', '2020-06-16', '', '0000-00-00', 1),
(137, 12, '300', '2020-06-17', '', '0000-00-00', 1),
(138, 12, '300', '2020-06-18', '', '0000-00-00', 1),
(139, 12, '300', '2020-06-19', '', '0000-00-00', 1),
(140, 12, '300', '2020-06-20', '', '0000-00-00', 1),
(141, 12, '300', '2020-06-22', '', '0000-00-00', 1),
(142, 12, '300', '2020-06-23', '', '0000-00-00', 1),
(143, 12, '300', '2020-06-24', '', '0000-00-00', 1),
(144, 12, '300', '2020-06-25', '', '0000-00-00', 1),
(145, 13, '250', '2020-06-12', '', '0000-00-00', 1),
(146, 13, '250', '2020-06-13', '', '0000-00-00', 1),
(147, 13, '250', '2020-06-15', '', '0000-00-00', 1),
(148, 13, '250', '2020-06-16', '', '0000-00-00', 1),
(149, 13, '250', '2020-06-17', '', '0000-00-00', 1),
(150, 13, '250', '2020-06-18', '', '0000-00-00', 1),
(151, 13, '250', '2020-06-19', '', '0000-00-00', 1),
(152, 13, '250', '2020-06-20', '', '0000-00-00', 1),
(153, 13, '250', '2020-06-22', '', '0000-00-00', 1),
(154, 13, '250', '2020-06-23', '', '0000-00-00', 1),
(155, 13, '250', '2020-06-24', '', '0000-00-00', 1),
(156, 13, '250', '2020-06-25', '', '0000-00-00', 1),
(157, 14, '200', '2020-06-12', '', '0000-00-00', 1),
(158, 14, '200', '2020-06-13', '', '0000-00-00', 1),
(159, 14, '200', '2020-06-15', '', '0000-00-00', 1),
(160, 14, '200', '2020-06-16', '', '0000-00-00', 1),
(161, 14, '200', '2020-06-17', '', '0000-00-00', 1),
(162, 14, '200', '2020-06-18', '', '0000-00-00', 1),
(163, 14, '200', '2020-06-19', '', '0000-00-00', 1),
(164, 14, '200', '2020-06-20', '', '0000-00-00', 1),
(165, 14, '200', '2020-06-22', '', '0000-00-00', 1),
(166, 14, '200', '2020-06-23', '', '0000-00-00', 1),
(167, 14, '200', '2020-06-24', '', '0000-00-00', 1),
(168, 14, '200', '2020-06-25', '', '0000-00-00', 1),
(169, 15, '300', '2020-06-12', '', '0000-00-00', 1),
(170, 15, '300', '2020-06-13', '', '0000-00-00', 1),
(171, 15, '300', '2020-06-15', '', '0000-00-00', 1),
(172, 15, '300', '2020-06-16', '', '0000-00-00', 1),
(173, 15, '300', '2020-06-17', '', '0000-00-00', 1),
(174, 15, '300', '2020-06-18', '', '0000-00-00', 1),
(175, 15, '300', '2020-06-19', '', '0000-00-00', 1),
(176, 15, '300', '2020-06-20', '', '0000-00-00', 1),
(177, 15, '300', '2020-06-22', '', '0000-00-00', 1),
(178, 15, '300', '2020-06-23', '', '0000-00-00', 1),
(179, 15, '300', '2020-06-24', '', '0000-00-00', 1),
(180, 15, '300', '2020-06-25', '', '0000-00-00', 1),
(181, 16, '300', '2020-06-12', '', '0000-00-00', 1),
(182, 16, '300', '2020-06-13', '', '0000-00-00', 1),
(183, 16, '300', '2020-06-15', '', '0000-00-00', 1),
(184, 16, '300', '2020-06-16', '', '0000-00-00', 1),
(185, 16, '300', '2020-06-17', '', '0000-00-00', 1),
(186, 16, '300', '2020-06-18', '', '0000-00-00', 1),
(187, 16, '300', '2020-06-19', '', '0000-00-00', 1),
(188, 16, '300', '2020-06-20', '', '0000-00-00', 1),
(189, 16, '300', '2020-06-22', '', '0000-00-00', 1),
(190, 16, '300', '2020-06-23', '', '0000-00-00', 1),
(191, 16, '300', '2020-06-24', '', '0000-00-00', 1),
(192, 16, '300', '2020-06-25', '', '0000-00-00', 1),
(193, 17, '300', '2020-06-12', '', '0000-00-00', 1),
(194, 17, '300', '2020-06-13', '', '0000-00-00', 1),
(195, 17, '300', '2020-06-15', '', '0000-00-00', 1),
(196, 17, '300', '2020-06-16', '', '0000-00-00', 1),
(197, 17, '300', '2020-06-17', '', '0000-00-00', 1),
(198, 17, '300', '2020-06-18', '', '0000-00-00', 1),
(199, 17, '300', '2020-06-19', '', '0000-00-00', 1),
(200, 17, '300', '2020-06-20', '', '0000-00-00', 1),
(201, 17, '300', '2020-06-22', '', '0000-00-00', 1),
(202, 17, '300', '2020-06-23', '', '0000-00-00', 1),
(203, 17, '300', '2020-06-24', '', '0000-00-00', 1),
(204, 17, '300', '2020-06-25', '', '0000-00-00', 1),
(205, 18, '300', '2020-06-12', '', '0000-00-00', 1),
(206, 18, '300', '2020-06-13', '', '0000-00-00', 1),
(207, 18, '300', '2020-06-15', '', '0000-00-00', 1),
(208, 18, '300', '2020-06-16', '', '0000-00-00', 1),
(209, 18, '300', '2020-06-17', '', '0000-00-00', 1),
(210, 18, '300', '2020-06-18', '', '0000-00-00', 1),
(211, 18, '300', '2020-06-19', '', '0000-00-00', 1),
(212, 18, '300', '2020-06-20', '', '0000-00-00', 1),
(213, 18, '300', '2020-06-22', '', '0000-00-00', 1),
(214, 18, '300', '2020-06-23', '', '0000-00-00', 1),
(215, 18, '300', '2020-06-24', '', '0000-00-00', 1),
(216, 18, '300', '2020-06-25', '', '0000-00-00', 1),
(217, 19, '200', '2020-06-12', '', '0000-00-00', 1),
(218, 19, '200', '2020-06-13', '', '0000-00-00', 1),
(219, 19, '200', '2020-06-15', '', '0000-00-00', 1),
(220, 19, '200', '2020-06-16', '', '0000-00-00', 1),
(221, 19, '200', '2020-06-17', '', '0000-00-00', 1),
(222, 19, '200', '2020-06-18', '', '0000-00-00', 1),
(223, 19, '200', '2020-06-19', '', '0000-00-00', 1),
(224, 19, '200', '2020-06-20', '', '0000-00-00', 1),
(225, 19, '200', '2020-06-22', '', '0000-00-00', 1),
(226, 19, '200', '2020-06-23', '', '0000-00-00', 1),
(227, 19, '200', '2020-06-24', '', '0000-00-00', 1),
(228, 19, '200', '2020-06-25', '', '0000-00-00', 1),
(229, 20, '200', '2020-06-12', '', '0000-00-00', 1),
(230, 20, '200', '2020-06-13', '', '0000-00-00', 1),
(231, 20, '200', '2020-06-15', '', '0000-00-00', 1),
(232, 20, '200', '2020-06-16', '', '0000-00-00', 1),
(233, 20, '200', '2020-06-17', '', '0000-00-00', 1),
(234, 20, '200', '2020-06-18', '', '0000-00-00', 1),
(235, 20, '200', '2020-06-19', '', '0000-00-00', 1),
(236, 20, '200', '2020-06-20', '', '0000-00-00', 1),
(237, 20, '200', '2020-06-22', '', '0000-00-00', 1),
(238, 20, '200', '2020-06-23', '', '0000-00-00', 1),
(239, 20, '200', '2020-06-24', '', '0000-00-00', 1),
(240, 20, '200', '2020-06-25', '', '0000-00-00', 1),
(241, 21, '300', '2020-06-12', '', '0000-00-00', 1),
(242, 21, '300', '2020-06-13', '', '0000-00-00', 1),
(243, 21, '300', '2020-06-15', '', '0000-00-00', 1),
(244, 21, '300', '2020-06-16', '', '0000-00-00', 1),
(245, 21, '300', '2020-06-17', '', '0000-00-00', 1),
(246, 21, '300', '2020-06-18', '', '0000-00-00', 1),
(247, 21, '300', '2020-06-19', '', '0000-00-00', 1),
(248, 21, '300', '2020-06-20', '', '0000-00-00', 1),
(249, 21, '300', '2020-06-22', '', '0000-00-00', 1),
(250, 21, '300', '2020-06-23', '', '0000-00-00', 1),
(251, 21, '300', '2020-06-24', '', '0000-00-00', 1),
(252, 21, '300', '2020-06-25', '', '0000-00-00', 1),
(253, 22, '300', '2020-06-12', '', '0000-00-00', 1),
(254, 22, '300', '2020-06-13', '', '0000-00-00', 1),
(255, 22, '300', '2020-06-15', '', '0000-00-00', 1),
(256, 22, '300', '2020-06-16', '', '0000-00-00', 1),
(257, 22, '300', '2020-06-17', '', '0000-00-00', 1),
(258, 22, '300', '2020-06-18', '', '0000-00-00', 1),
(259, 22, '300', '2020-06-19', '', '0000-00-00', 1),
(260, 22, '300', '2020-06-20', '', '0000-00-00', 1),
(261, 22, '300', '2020-06-22', '', '0000-00-00', 1),
(262, 22, '300', '2020-06-23', '', '0000-00-00', 1),
(263, 22, '300', '2020-06-24', '', '0000-00-00', 1),
(264, 22, '300', '2020-06-25', '', '0000-00-00', 1),
(265, 23, '300', '2020-06-12', '', '0000-00-00', 1),
(266, 23, '300', '2020-06-13', '', '0000-00-00', 1),
(267, 23, '300', '2020-06-15', '', '0000-00-00', 1),
(268, 23, '300', '2020-06-16', '', '0000-00-00', 1),
(269, 23, '300', '2020-06-17', '', '0000-00-00', 1),
(270, 23, '300', '2020-06-18', '', '0000-00-00', 1),
(271, 23, '300', '2020-06-19', '', '0000-00-00', 1),
(272, 23, '300', '2020-06-20', '', '0000-00-00', 1),
(273, 23, '300', '2020-06-22', '', '0000-00-00', 1),
(274, 23, '300', '2020-06-23', '', '0000-00-00', 1),
(275, 23, '300', '2020-06-24', '', '0000-00-00', 1),
(276, 23, '300', '2020-06-25', '', '0000-00-00', 1),
(277, 24, '200', '2020-06-12', '', '0000-00-00', 1),
(278, 24, '200', '2020-06-13', '', '0000-00-00', 1),
(279, 24, '200', '2020-06-15', '', '0000-00-00', 1),
(280, 24, '200', '2020-06-16', '', '0000-00-00', 1),
(281, 24, '200', '2020-06-17', '', '0000-00-00', 1),
(282, 24, '200', '2020-06-18', '', '0000-00-00', 1),
(283, 24, '200', '2020-06-19', '', '0000-00-00', 1),
(284, 24, '200', '2020-06-20', '', '0000-00-00', 1),
(285, 24, '200', '2020-06-22', '', '0000-00-00', 1),
(286, 24, '200', '2020-06-23', '', '0000-00-00', 1),
(287, 24, '200', '2020-06-24', '', '0000-00-00', 1),
(288, 24, '200', '2020-06-25', '', '0000-00-00', 1),
(289, 25, '350', '2020-06-12', '', '0000-00-00', 1),
(290, 25, '350', '2020-06-13', '', '0000-00-00', 1),
(291, 25, '350', '2020-06-15', '', '0000-00-00', 1),
(292, 25, '350', '2020-06-16', '', '0000-00-00', 1),
(293, 25, '350', '2020-06-17', '', '0000-00-00', 1),
(294, 25, '350', '2020-06-18', '', '0000-00-00', 1),
(295, 25, '350', '2020-06-19', '', '0000-00-00', 1),
(296, 25, '350', '2020-06-20', '', '0000-00-00', 1),
(297, 25, '350', '2020-06-22', '', '0000-00-00', 1),
(298, 25, '350', '2020-06-23', '', '0000-00-00', 1),
(299, 25, '350', '2020-06-24', '', '0000-00-00', 1),
(300, 25, '350', '2020-06-25', '', '0000-00-00', 1),
(301, 26, '200', '2020-06-12', '', '0000-00-00', 1),
(302, 26, '200', '2020-06-13', '', '0000-00-00', 1),
(303, 26, '200', '2020-06-15', '', '0000-00-00', 1),
(304, 26, '200', '2020-06-16', '', '0000-00-00', 1),
(305, 26, '200', '2020-06-17', '', '0000-00-00', 1),
(306, 26, '200', '2020-06-18', '', '0000-00-00', 1),
(307, 26, '200', '2020-06-19', '', '0000-00-00', 1),
(308, 26, '200', '2020-06-20', '', '0000-00-00', 1),
(309, 26, '200', '2020-06-22', '', '0000-00-00', 1),
(310, 26, '200', '2020-06-23', '', '0000-00-00', 1),
(311, 26, '200', '2020-06-24', '', '0000-00-00', 1),
(312, 26, '200', '2020-06-25', '', '0000-00-00', 1),
(313, 27, '300', '2020-06-12', '', '0000-00-00', 1),
(314, 27, '300', '2020-06-13', '', '0000-00-00', 1),
(315, 27, '300', '2020-06-15', '', '0000-00-00', 1),
(316, 27, '300', '2020-06-16', '', '0000-00-00', 1),
(317, 27, '300', '2020-06-17', '', '0000-00-00', 1),
(318, 27, '300', '2020-06-18', '', '0000-00-00', 1),
(319, 27, '300', '2020-06-19', '', '0000-00-00', 1),
(320, 27, '300', '2020-06-20', '', '0000-00-00', 1),
(321, 27, '300', '2020-06-22', '', '0000-00-00', 1),
(322, 27, '300', '2020-06-23', '', '0000-00-00', 1),
(323, 27, '300', '2020-06-24', '', '0000-00-00', 1),
(324, 27, '300', '2020-06-25', '', '0000-00-00', 1),
(325, 28, '300', '2020-06-12', '', '0000-00-00', 1),
(326, 28, '300', '2020-06-13', '', '0000-00-00', 1),
(327, 28, '300', '2020-06-15', '', '0000-00-00', 1),
(328, 28, '300', '2020-06-16', '', '0000-00-00', 1),
(329, 28, '300', '2020-06-17', '', '0000-00-00', 1),
(330, 28, '300', '2020-06-18', '', '0000-00-00', 1),
(331, 28, '300', '2020-06-19', '', '0000-00-00', 1),
(332, 28, '300', '2020-06-20', '', '0000-00-00', 1),
(333, 28, '300', '2020-06-22', '', '0000-00-00', 1),
(334, 28, '300', '2020-06-23', '', '0000-00-00', 1),
(335, 28, '300', '2020-06-24', '', '0000-00-00', 1),
(336, 28, '300', '2020-06-25', '', '0000-00-00', 1),
(337, 29, '300', '2020-06-12', '', '0000-00-00', 1),
(338, 29, '300', '2020-06-13', '', '0000-00-00', 1),
(339, 29, '300', '2020-06-15', '', '0000-00-00', 1),
(340, 29, '300', '2020-06-16', '', '0000-00-00', 1),
(341, 29, '300', '2020-06-17', '', '0000-00-00', 1),
(342, 29, '300', '2020-06-18', '', '0000-00-00', 1),
(343, 29, '300', '2020-06-19', '', '0000-00-00', 1),
(344, 29, '300', '2020-06-20', '', '0000-00-00', 1),
(345, 29, '300', '2020-06-22', '', '0000-00-00', 1),
(346, 29, '300', '2020-06-23', '', '0000-00-00', 1),
(347, 29, '300', '2020-06-24', '', '0000-00-00', 1),
(348, 29, '300', '2020-06-25', '', '0000-00-00', 1),
(349, 30, '300', '2020-06-12', '', '0000-00-00', 1),
(350, 30, '300', '2020-06-13', '', '0000-00-00', 1),
(351, 30, '300', '2020-06-15', '', '0000-00-00', 1),
(352, 30, '300', '2020-06-16', '', '0000-00-00', 1),
(353, 30, '300', '2020-06-17', '', '0000-00-00', 1),
(354, 30, '300', '2020-06-18', '', '0000-00-00', 1),
(355, 30, '300', '2020-06-19', '', '0000-00-00', 1),
(356, 30, '300', '2020-06-20', '', '0000-00-00', 1),
(357, 30, '300', '2020-06-22', '', '0000-00-00', 1),
(358, 30, '300', '2020-06-23', '', '0000-00-00', 1),
(359, 30, '300', '2020-06-24', '', '0000-00-00', 1),
(360, 30, '300', '2020-06-25', '', '0000-00-00', 1),
(361, 31, '200', '2020-06-12', '2000', '2020-06-17', 1),
(362, 31, '200', '2020-06-13', '', '0000-00-00', 1),
(363, 31, '200', '2020-06-15', '400', '2020-06-18', 1),
(364, 31, '200', '2020-06-16', '', '0000-00-00', 1),
(365, 31, '200', '2020-06-17', '', '0000-00-00', 1),
(366, 31, '200', '2020-06-18', '', '0000-00-00', 1),
(367, 31, '200', '2020-06-19', '', '0000-00-00', 1),
(368, 31, '200', '2020-06-20', '', '0000-00-00', 1),
(369, 31, '200', '2020-06-22', '', '0000-00-00', 1),
(370, 31, '200', '2020-06-23', '', '0000-00-00', 1),
(371, 31, '200', '2020-06-24', '', '0000-00-00', 1),
(372, 31, '200', '2020-06-25', '', '0000-00-00', 1),
(373, 32, '300', '2020-06-12', '', '0000-00-00', 1),
(374, 32, '300', '2020-06-13', '', '0000-00-00', 1),
(375, 32, '300', '2020-06-15', '', '0000-00-00', 1),
(376, 32, '300', '2020-06-16', '', '0000-00-00', 1),
(377, 32, '300', '2020-06-17', '', '0000-00-00', 1),
(378, 32, '300', '2020-06-18', '', '0000-00-00', 1),
(379, 32, '300', '2020-06-19', '', '0000-00-00', 1),
(380, 32, '300', '2020-06-20', '', '0000-00-00', 1),
(381, 32, '300', '2020-06-22', '', '0000-00-00', 1),
(382, 32, '300', '2020-06-23', '', '0000-00-00', 1),
(383, 32, '300', '2020-06-24', '', '0000-00-00', 1),
(384, 32, '300', '2020-06-25', '', '0000-00-00', 1),
(385, 33, '300', '2020-06-12', '900', '2020-06-17', 1),
(386, 33, '300', '2020-06-13', '', '0000-00-00', 1),
(387, 33, '300', '2020-06-15', '', '0000-00-00', 1),
(388, 33, '300', '2020-06-16', '', '0000-00-00', 1),
(389, 33, '300', '2020-06-17', '', '0000-00-00', 1),
(390, 33, '300', '2020-06-18', '', '0000-00-00', 1),
(391, 33, '300', '2020-06-19', '', '0000-00-00', 1),
(392, 33, '300', '2020-06-20', '', '0000-00-00', 1),
(393, 33, '300', '2020-06-22', '', '0000-00-00', 1),
(394, 33, '300', '2020-06-23', '', '0000-00-00', 1),
(395, 33, '300', '2020-06-24', '', '0000-00-00', 1),
(396, 33, '300', '2020-06-25', '', '0000-00-00', 1),
(397, 34, '300', '2020-06-12', '', '0000-00-00', 1),
(398, 34, '300', '2020-06-13', '', '0000-00-00', 1),
(399, 34, '300', '2020-06-15', '', '0000-00-00', 1),
(400, 34, '300', '2020-06-16', '', '0000-00-00', 1),
(401, 34, '300', '2020-06-17', '', '0000-00-00', 1),
(402, 34, '300', '2020-06-18', '', '0000-00-00', 1),
(403, 34, '300', '2020-06-19', '', '0000-00-00', 1),
(404, 34, '300', '2020-06-20', '', '0000-00-00', 1),
(405, 34, '300', '2020-06-22', '', '0000-00-00', 1),
(406, 34, '300', '2020-06-23', '', '0000-00-00', 1),
(407, 34, '300', '2020-06-24', '', '0000-00-00', 1),
(408, 34, '300', '2020-06-25', '', '0000-00-00', 1),
(409, 35, '300', '2020-06-12', '', '0000-00-00', 1),
(410, 35, '300', '2020-06-13', '', '0000-00-00', 1),
(411, 35, '300', '2020-06-15', '', '0000-00-00', 1),
(412, 35, '300', '2020-06-16', '', '0000-00-00', 1),
(413, 35, '300', '2020-06-17', '', '0000-00-00', 1),
(414, 35, '300', '2020-06-18', '', '0000-00-00', 1),
(415, 35, '300', '2020-06-19', '', '0000-00-00', 1),
(416, 35, '300', '2020-06-20', '', '0000-00-00', 1),
(417, 35, '300', '2020-06-22', '', '0000-00-00', 1),
(418, 35, '300', '2020-06-23', '', '0000-00-00', 1),
(419, 35, '300', '2020-06-24', '', '0000-00-00', 1),
(420, 35, '300', '2020-06-25', '', '0000-00-00', 1),
(421, 36, '250', '2020-06-12', '1800', '2020-06-17', 1),
(422, 36, '250', '2020-06-13', '', '0000-00-00', 1),
(423, 36, '250', '2020-06-15', '', '0000-00-00', 1),
(424, 36, '250', '2020-06-16', '', '0000-00-00', 1),
(425, 36, '250', '2020-06-17', '', '0000-00-00', 1),
(426, 36, '250', '2020-06-18', '', '0000-00-00', 1),
(427, 36, '250', '2020-06-19', '', '0000-00-00', 1),
(428, 36, '250', '2020-06-20', '', '0000-00-00', 1),
(429, 36, '250', '2020-06-22', '', '0000-00-00', 1),
(430, 36, '250', '2020-06-23', '', '0000-00-00', 1),
(431, 36, '250', '2020-06-24', '', '0000-00-00', 1),
(432, 36, '250', '2020-06-25', '', '0000-00-00', 1),
(433, 37, '350', '2020-06-12', '3300', '2020-06-12', 1),
(434, 37, '350', '2020-06-13', '', '0000-00-00', 1),
(435, 37, '350', '2020-06-15', '', '0000-00-00', 1),
(436, 37, '350', '2020-06-16', '', '0000-00-00', 1),
(437, 37, '350', '2020-06-17', '', '0000-00-00', 1),
(438, 37, '350', '2020-06-18', '', '0000-00-00', 1),
(439, 37, '350', '2020-06-19', '', '0000-00-00', 1),
(440, 37, '350', '2020-06-20', '', '0000-00-00', 1),
(441, 37, '350', '2020-06-22', '', '0000-00-00', 1),
(442, 37, '350', '2020-06-23', '', '0000-00-00', 1),
(443, 37, '350', '2020-06-24', '', '0000-00-00', 1),
(444, 37, '350', '2020-06-25', '', '0000-00-00', 1),
(445, 38, '200', '2020-06-20', '', '0000-00-00', 1),
(446, 38, '200', '2020-06-22', '', '0000-00-00', 1),
(447, 38, '200', '2020-06-23', '', '0000-00-00', 1),
(448, 38, '200', '2020-06-24', '', '0000-00-00', 1),
(449, 38, '200', '2020-06-25', '', '0000-00-00', 1),
(450, 38, '200', '2020-06-26', '', '0000-00-00', 1),
(451, 38, '200', '2020-06-27', '200', '2020-06-18', 1),
(452, 38, '200', '2020-06-29', '', '0000-00-00', 1),
(453, 38, '200', '2020-06-30', '', '0000-00-00', 1),
(454, 38, '200', '2020-07-01', '', '0000-00-00', 1),
(455, 38, '200', '2020-07-02', '', '0000-00-00', 1),
(456, 38, '200', '2020-07-03', '', '0000-00-00', 1);

-- --------------------------------------------------------

--
-- Table structure for table `ser01`
--

CREATE TABLE `ser01` (
  `id` int(11) NOT NULL,
  `invoice_no` varchar(20) COLLATE latin1_general_ci NOT NULL,
  `status` varchar(1) COLLATE latin1_general_ci NOT NULL DEFAULT '1'
) ENGINE=InnoDB DEFAULT CHARSET=latin1 COLLATE=latin1_general_ci;

--
-- Dumping data for table `ser01`
--

INSERT INTO `ser01` (`id`, `invoice_no`, `status`) VALUES
(1, '106', '1');

-- --------------------------------------------------------

--
-- Table structure for table `services`
--

CREATE TABLE `services` (
  `service_id` bigint(20) NOT NULL,
  `service_description` text COLLATE latin1_general_ci NOT NULL,
  `service_charge` varchar(100) COLLATE latin1_general_ci NOT NULL,
  `instalment_rate` varchar(100) COLLATE latin1_general_ci NOT NULL,
  `payment_frequency` varchar(100) COLLATE latin1_general_ci NOT NULL,
  `date_created` varchar(100) COLLATE latin1_general_ci NOT NULL,
  `status` int(1) NOT NULL DEFAULT 1
) ENGINE=InnoDB DEFAULT CHARSET=latin1 COLLATE=latin1_general_ci;

--
-- Dumping data for table `services`
--

INSERT INTO `services` (`service_id`, `service_description`, `service_charge`, `instalment_rate`, `payment_frequency`, `date_created`, `status`) VALUES
(1, 'Default Mode', '150', '10', '1', '2020-04-15 20:49:21', 1),
(2, 'Default Mode 2', '100', '15', '2', '2020-04-15 20:49:21', 1);

-- --------------------------------------------------------

--
-- Table structure for table `tbladmin`
--

CREATE TABLE `tbladmin` (
  `ID` int(10) NOT NULL,
  `AdminName` varchar(120) DEFAULT NULL,
  `UserName` varchar(120) DEFAULT NULL,
  `MobileNumber` bigint(10) DEFAULT NULL,
  `Email` varchar(120) DEFAULT NULL,
  `Password` varchar(120) DEFAULT NULL,
  `AdminRegdate` timestamp NULL DEFAULT current_timestamp()
) ENGINE=InnoDB DEFAULT CHARSET=latin1;

--
-- Dumping data for table `tbladmin`
--

INSERT INTO `tbladmin` (`ID`, `AdminName`, `UserName`, `MobileNumber`, `Email`, `Password`, `AdminRegdate`) VALUES
(1, 'Gideon Kiprono', 'Kiprono', 727012961, 'gideonkipronooh@gmail.com', '06d1108043ad13aebdca098c7e6bfe64', '2020-04-23 22:01:36'),
(2, 'Techy', 'admin', 8979555562, 'admin@gmail.com', '06d1108043ad13aebdca098c7e6bfe64', '2020-04-23 22:01:36');

-- --------------------------------------------------------

--
-- Table structure for table `tblclient`
--

CREATE TABLE `tblclient` (
  `ID` int(10) NOT NULL,
  `ContactName` varchar(120) DEFAULT NULL,
  `CompanyName` varchar(120) DEFAULT NULL,
  `Address` varchar(200) DEFAULT NULL,
  `City` varchar(120) DEFAULT NULL,
  `Family` varchar(1000) DEFAULT NULL,
  `NationalID` varchar(50) NOT NULL,
  `Clientphnumber` bigint(10) DEFAULT NULL,
  `Guarantor` varchar(500) NOT NULL,
  `GuarantorID` varchar(50) NOT NULL,
  `Guarantorphnumber` bigint(10) DEFAULT NULL,
  `Otherphnumber` bigint(10) DEFAULT NULL,
  `Email` varchar(200) DEFAULT NULL,
  `WebsiteAddress` varchar(200) DEFAULT NULL,
  `Notes` mediumtext DEFAULT NULL,
  `file_name` varchar(500) NOT NULL,
  `path` varchar(500) NOT NULL,
  `CreationDate` timestamp NULL DEFAULT current_timestamp(),
  `Status` int(1) NOT NULL DEFAULT 1
) ENGINE=InnoDB DEFAULT CHARSET=latin1;

--
-- Dumping data for table `tblclient`
--

INSERT INTO `tblclient` (`ID`, `ContactName`, `CompanyName`, `Address`, `City`, `Family`, `NationalID`, `Clientphnumber`, `Guarantor`, `GuarantorID`, `Guarantorphnumber`, `Otherphnumber`, `Email`, `WebsiteAddress`, `Notes`, `file_name`, `path`, `CreationDate`, `Status`) VALUES
(1, 'BEATRICE CHEPKOECH TESOT', 'BUSINESS', '466', 'Litein', 'CHOBAGAT- KAP CHERES', '25127583', 722567335, 'KIPTOO NGETICH', '29930053', 724638029, NULL, 'kipkorirnicodemus@gmail.com', NULL, 'COW', '', '', '2020-06-06 17:35:33', 1),
(2, 'JOYCE CHEPKEMOI', 'BUSINESS', '466', 'Litein', 'KAMANAMSIM- ARAP TOWET', '24586545', 799913111, 'BETTY CHEROTICH', '20039355', 705151279, NULL, 'kipkorirnicodemus@gmail.com', NULL, 'COW', '', '', '2020-06-06 17:39:45', 1),
(3, 'MUTAI CHERUIYOT ELVIS', 'BUSINESS', '466', 'Litein', 'RUNGUT- ARAP RONO', '39029343', 796106696, 'FELIX MUTAI', '33394428', 728792779, NULL, 'kipkorirnicodemus@gmail.com', NULL, 'MOTOR BIKE', '', '', '2020-06-06 17:44:45', 1),
(4, 'PAUL CHERUIYOT KIPROP', 'BUSINESS', '466', 'Litein', 'NG\'ESUMIN- KAP JOHNSTONE', '13035300', 711361144, 'TRIZAH CHEPKEMOI', '38283022', 717846244, NULL, 'kipkorirnicodemus@gmail.com', NULL, 'COW', '', '', '2020-06-06 17:49:08', 1),
(5, 'FELIX KIPKIRUI MUTAI', 'BUSINESS', '466', 'Litein', 'RUNGUT- ARAP RONO', '33394428', 728792779, 'ELVIS CHERUIYOT MUTAI', '39029343', 796106696, NULL, 'kipkorirnicodemus@gmail.com', NULL, 'MOTOR BIKE', '', '', '2020-06-06 17:54:22', 1),
(6, 'DAVIS KIPNGETICH KOSGEI', 'BUSINESS', '466', 'Litein', 'KAMANAMSIM- ARAP KURGAT', '37952973', 742300915, 'JOYCE CHEMUTAI', '20093658', 701501741, NULL, 'kipkorirnicodemus@gmail.com', NULL, 'COW', '', '', '2020-06-06 17:58:46', 1),
(7, 'JANET CHEPKEMOI KOSKEI', 'BUSINESS', '466', 'Litein', 'KAMANAMSIM- ARAP ROTICH', '26211149', 727584096, 'JOYCE CHEMUTAI', '20093658', 701501741, NULL, 'kipkorirnicodemus@gmail.com', NULL, 'COW', '', '', '2020-06-06 18:03:48', 1),
(8, 'JOSEPH KIPLANGAT KURGAT', 'BUSINESS', '466', 'Litein', 'KAMANAMSIM- ARAP CHUMO', '6002329', 701408132, 'JOYCE CHEMUTAI KURGAT', '201634973', 701501741, NULL, 'kipkorirnicodemus@gmail.com', NULL, 'COW', '', '', '2020-06-06 18:23:49', 1),
(9, 'EDDA CHEPNGENO', 'BUSINESS', '466', 'Litein', 'RUNGUT- ARAP CHUMO', '14440894', 702225922, 'RAYMOND KIGEN', '0000', 722428864, NULL, 'kipkorirnicodemus@gmail.com', NULL, 'COW', '', '', '2020-06-07 04:25:03', 1),
(10, 'MERCY CHERONO', 'BUSINESS', '466', 'Litein', '36939263', '36939263', 726165791, 'BEATRICE CHEPWOGEN', '21346607', 702065591, NULL, 'kipkorirnicodemus@gmail.com', NULL, 'COW', '', '', '2020-06-07 04:28:06', 1),
(11, 'DENNIS KIPKEMOI NGENO', 'BODA RIDER', '466', 'Litein', 'CHEBAGAL- ARAP KIRUI', '38050169', 748705536, 'MERCY CHERONO RONO', '36136628', 718745229, NULL, 'kipkorirnicodemus@gmail.com', NULL, 'MOTOR BIKE', '', '', '2020-06-07 04:30:52', 1),
(12, 'CHERUIYOT BII', 'BUSINESS', '466', 'Litein', 'CHEBAGAL- KAP REUBEN', '35616680', 708781809, 'DENNIS KIPKEMOI NGENO', '38050169', 748705536, NULL, 'kipkorirnicodemus@gmail.com', NULL, 'MOTOR BIKE', '', '', '2020-06-07 04:34:12', 1),
(13, 'PETER CHERUIYOT SIGEI', 'MOTORCYCLE', '466', 'Litein', 'RUNGUT- ARAP KOSGEY', '25565857', 721723238, 'JACKLINE CHERONO', '23302163', 701642055, NULL, 'kipkorirnicodemus@gmail.com', NULL, 'MOTOR BIKE', '', '', '2020-06-07 04:37:28', 1),
(14, 'GIDEON KIPKEMOI TANUI', 'DRIVER', '466', 'Litein', 'RUNGUT- ARAP SIELE', '29258459', 724289248, 'SHADRACK KIPRUTO TANUI', '35787006', 724656620, NULL, 'kipkorirnicodemus@gmail.com', NULL, 'COW', '', '', '2020-06-07 04:40:33', 1),
(15, 'ELVIS KIPTOO LANGAT', 'ELECTRICIAN', '466', 'Litein', 'CHEBAGAL- ARAP KIRUI', '38128883', 758020043, 'DENNIS KIPKEMOI NGENO', '38050169', 0, NULL, 'kipkorirnicodemus@gmail.com', NULL, 'COW', '', '', '2020-06-07 04:43:49', 1),
(16, 'CHEBET BETTY', 'BUSINESS', '466', 'Litein', 'CHEPTENDENIET- ARAP BUNGO', '24393273', 718579576, 'VIVIAN CHEPKEMOI SANG', '23803531', 710362379, NULL, 'kipkorirnicodemus@gmail.com', NULL, 'COW', '', '', '2020-06-07 04:46:47', 1),
(17, 'NELSON KIPNGENO', 'MOTORCYCLE', '466', 'Litein', 'TENDWET- ARAP CHEBALIACH', '35454409', 742554462, 'WINNY CHEPKORIR NGETICH', '000', 727230175, NULL, 'kipkorirnicodemus@gmail.com', NULL, 'MOTORBIKE', '', '', '2020-06-07 04:50:38', 1),
(18, 'WINNY CHEBET CHERUIYOT', 'BUSINESS', '466', 'Litein', 'MORONJO- ARAP KORIR', '31303340', 724693973, 'JACKLINE CHERONO', '23302163', 717030163, NULL, 'kipkorirnicodemus@gmail.com', NULL, 'COW', '', '', '2020-06-07 04:55:46', 1),
(19, 'JONATHAN KIPKOECH KIRUI', 'BUSINESS', '466', 'Litein', 'TENDWET- ARAP CHESIME', '201630240', 724384469, 'NAOMI CHEPKIRUI KIRUI', '208625718', 724384460, NULL, 'kipkorirnicodemus@gmail.com', NULL, 'COW', '', '', '2020-06-07 05:07:19', 1),
(20, 'ROSE CHEPKEMOI', 'BUSINESS', '466', 'Litein', 'TENDWET- ARAP KOSGEY', '25565804', 711913858, 'GLADYS CHEPKIRUI CHEPKWONY', '28578462', 712979190, NULL, 'kipkorirnicodemus@gmail.com', NULL, 'COW', '', '', '2020-06-07 05:10:14', 1),
(21, 'LILLY CHELANGAT CHERUIYOT', 'FARMER', '466', 'Litein', 'CHEBAGAL- ARAP MISOI', '8549089', 723144805, 'JOSPHAT CHERUIYOT LANGAT', '28795815', 705076397, NULL, 'kipkorirnicodemus@gmail.com', NULL, 'COW', '', '', '2020-06-07 05:13:17', 1),
(22, 'BENARD CHERUIYOT KITUR', 'MOTORCYCLE', '466', 'Litein', 'CHEMOIBEN- ARAP TELE', '26144180', 715523478, 'COLLINS KIPKIRUI', '310818879', 716536233, NULL, 'kipkorirnicodemus@gmail.com', NULL, 'MOTORBIKE', '', '', '2020-06-07 05:16:33', 1),
(23, 'JOICE CHEMUTAI KURGAT', 'BUSINESS', '466', 'Litein', 'KAMANAMSIM- ARAP CHUMO', '20093658', 701501741, 'JOYCE CHELANGAT SIGEI', '26862145', 713242164, NULL, 'kipkorirnicodemus@gmail.com', NULL, 'COW', '', '', '2020-06-07 05:19:28', 1),
(24, 'FAITH CHEPKEMOI', 'BUSINESS', '466', 'Litein', 'CHEBAGAL- ARAP MISOI', '31515415', 719444575, 'DOMINIC CHERUIYOT LANGAT', '24866173', 724055114, NULL, 'kipkorirnicodemus@gmail.com', NULL, 'COW', '', '', '2020-06-07 05:22:02', 1),
(25, 'METET LEONARD KIPKEMOI', 'MOTORCYCLE', '466', 'Litein', 'KAMANAMSIM- KAP PAULO NGETICH', '22293942', 716969745, 'JOYCE CHEMUTAI', '20093658', 701501741, NULL, 'kipkorirnicodemus@gmail.com', NULL, 'MOTORBIKE', '', '', '2020-06-07 05:25:29', 1),
(26, 'BETSY CHEPKORIR', 'BUSINESS', '466', 'Litein', 'RUNGUT- KAP KANGA', '35247352', 722882614, 'TRIZAH CHEPKEMOI', '38285022', 743114529, NULL, 'kipkorirnicodemus@gmail.com', NULL, 'BLOW DRY', '', '', '2020-06-07 05:30:29', 1),
(27, 'JANETH CHEBET TONUI', 'ONE-ACRE FUND', '466', 'Litein', 'RUNGUT- KAP ELIJAH', '28943647', 799078683, 'VINCENT KIPRUTO TONUI', '24615124', 717872860, NULL, 'kipkorirnicodemus@gmail.com', NULL, 'COW', '', '', '2020-06-07 05:33:26', 1),
(28, 'PATRICK KIPTONUI BETT', 'MOTORCYCLE', '466', 'Litein', 'RUNGUT', '0000', 724737972, 'FANCY CHEROTICH', '35861308', 797709928, NULL, 'kipkorirnicodemus@gmail.com', NULL, 'MOTORBIKE', '', '', '2020-06-07 05:36:43', 1),
(29, 'CHELANGAT JOYCE', 'BUSINESS', '466', 'Litein', 'CHEBAGAL- ARAP CHERUIYOT', '21689244', 728532117, 'JANETH CHEBET TANUI', '28943647', 799078683, NULL, 'kipkorirnicodemus@gmail.com', NULL, 'COW', '', '', '2020-06-07 05:39:32', 1),
(30, 'ALFRED KIPROTICH KIRUI', 'BUSINESS', '466', 'Litein', 'RUNGUT', '9309736', 746320187, 'JOSPHAT CHERUIYOT KOROS', '28795815', 768129039, NULL, 'kipkorirnicodemus@gmail.com', NULL, 'COW', '', '', '2020-06-07 05:44:59', 1),
(31, 'BEATRICE CHEPKORIR', 'BUSINESS', '466', 'Litein', 'CHEBAGAL- ARAP TANUI', '24333043', 757278022, 'BENARD TANUI', '000', 719213085, NULL, 'kipkorirnicodemus@gmail.com', NULL, 'COW', '', '', '2020-06-07 05:48:32', 1),
(32, 'EMILY CHEPKIRUI CHIRCHIR', 'BUSINESS', '466', 'Litein', 'RUNGUT- KAP JOHANA', '8021255', 7, 'CAROLINE CHEPKEMOI', '27491600', 7, NULL, 'kipkorirnicodemus@gmail.com', NULL, 'COW', '', '', '2020-06-07 05:51:26', 1),
(33, 'CAROLINE CHEPKEMOI', 'FARMER', '466', 'Litein', 'RUNGUT- ARAP JOHANA', '27491600', 7, 'EMILY CHEPKIRUI CHIRCHIR', '8021255', 7, NULL, 'kipkorirnicodemus@gmail.com', NULL, 'COW', '', '', '2020-06-07 05:56:13', 1),
(34, 'BETTY CHEPKIRUI KOSKEI', 'BUSINESS', '466', 'Litein', 'TENDWET- KAP JOSEPH KOSKEI', '20095367', 712149331, 'EUNICE LANGAT', '13034450', 711958961, NULL, 'kipkorirnicodemus@gmail.com', NULL, 'COW', '', '', '2020-06-07 06:02:37', 1),
(35, 'SHARON CHEPNGETICH', 'BUSINESS', '466', 'Litein', 'RUNGUT', '34787528', 725764867, 'JACKLINE CHEBET', '30533553', 796946493, NULL, 'kipkorirnicodemus@gmail.com', NULL, 'SHOP', '', '', '2020-06-07 06:05:51', 1),
(36, 'CHEPNGENO CAROLINE', 'BUSINESS', '466', 'Litein', 'RUNGUT- ARAP LANGAT', '23065142', 705911821, 'SOFIA CHEPTOO LANGAT', '176289', 705911821, NULL, 'kipkorirnicodemus@gmail.com', NULL, 'SHOP', '', '', '2020-06-07 06:26:42', 1),
(37, 'MERCY CHEPKIRUI', 'BUSINESS', '466', 'Litein', 'RUNGUT- KAP ROBERT', '36221606', 768166750, 'JOSPHAT CHERUIYOT KOROS', '28795815', 7, NULL, 'kipkorirnicodemus@gmail.com', NULL, 'COW', '', '', '2020-06-07 06:30:01', 1),
(38, 'MIRIAM CHEPTOO', 'BUSINESS', '466', 'Litein', 'RUNGUT', '35146558', 718804227, 'BEATRICE CHEPKIRUI KOECH', '26939013', 708399207, NULL, 'kipkorirnicodemus@gmail.com', NULL, 'GAS', '', '', '2020-06-07 06:34:10', 1),
(39, 'JACKLINE CHEBET', 'BUSINESS', '466', 'Litein', 'RUNGUT- ARAP RUTO', '30533553', 796946493, 'SHARON CHEPNGETICH', '34787528', 725764867, NULL, 'kipkorirnicodemus@gmail.com', NULL, 'COW', '', '', '2020-06-07 06:39:47', 1),
(40, 'JOSPHAT CHERUIYOT KOROS', 'FARMER', '466', 'Litein', 'RUNGUT- KAP ROBERT', '28795815', 797076397, 'MERCY CHEPKIRUI', '36221606', 768166159, NULL, 'kipkorirnicodemus@gmail.com', NULL, 'SOFASET', '', '', '2020-06-07 06:44:08', 1),
(41, 'LEONIDA CHEPNGENO', 'BUSINESS', '466', 'Litein', 'RUNGUT- ARAP LANGAT', '28206916', 718697262, 'EVALINE CHEPKEMOI', '12749398', 713039367, NULL, 'kipkorirnicodemus@gmail.com', NULL, 'SOFA SET', '', '', '2020-06-09 08:54:55', 1),
(42, 'WINNY CHEPKORIR NGETICH', 'FARMER', '466 ', 'Litein', 'TENWET -ARAP CHUMO', '20084209', 727230175, 'HENRY KIPLANGAT NGETICH', '8602893', 727330175, NULL, 'kipkorirnicodemus@gmail.com', NULL, 'COW', '', '', '2020-06-09 08:58:10', 1),
(43, 'BEATRICE CHEPWOGEN', 'FARMER', '466', 'Litein', 'MORONJO ARAP MUTAI', '21346607', 702065591, 'LILIAN NGETICH', '26101819', 724935421, NULL, 'kipkorirnicodemus@gmail.com', NULL, 'COW', '', '', '2020-06-09 09:01:13', 1),
(44, 'KIGEN  RAYMOND KIPNGENO', 'FARMER', '466', 'Litein', 'TENDWET- ARAP KIGEN', '21749656', 724886057, 'BETSY CHERONO RONO', '20982289', 724886057, NULL, 'kipkorirnicodemus@gmail.com', NULL, 'COW', '', '', '2020-06-09 09:14:13', 1),
(45, 'GEOFFREY MUTAI', 'BUSINESS', '466', 'Litein', 'RUNGUT', '27986712', 727870021, 'BENARD KIPROTICH', '27683742', 700799561, NULL, 'kipkorirnicodemus@gmail.com', NULL, 'CALF', '', '', '2020-06-09 09:16:30', 1),
(46, 'LILIAN NGETICH', 'BUSINESS', '466', 'Litein', 'RUNGUT- ARAP NGETICH', '26101819', 724935421, 'TRIZAH CHEPKEMOI', '38285022', 717846244, NULL, 'kipkorirnicodemus@gmail.com', NULL, 'COW', '', '', '2020-06-09 09:18:40', 1),
(47, 'DIANA CHERONO', 'BUSINESS', '466', 'Litein', 'RUNGUT- ARAP TEITUK', '37106276', 726820670, 'VIVIAN CHEPKEMOI SANG', '23803532', 710362379, NULL, 'kipkorirnicodemus@gmail.com', NULL, 'COW', '', '', '2020-06-09 09:21:41', 1),
(48, 'JACKLINE CHERONO', 'BUSINESS', '466', 'Litein', 'RUNGUT', '23302163', 701642055, 'VIVIAN CHEPKEMOI SANG', '23803531', 710362379, NULL, 'kipkorirnicodemus@gmail.com', NULL, 'GAS', '', '', '2020-06-09 09:24:37', 1),
(49, 'GLADYS CHEPKURUI CHEPKWONY', 'BUSINESS', '466', 'Litein', 'RUNGUT', '28578462', 712979190, 'DAISY CHELANGAT', '37711479', 712313825, NULL, 'kipkorirnicodemus@gmail.com', NULL, 'GAS', '', '', '2020-06-09 09:27:41', 1),
(50, 'DAISY CHELANGAT', 'BUSINESS', '466', 'Litein', 'RUNGUT', '37711479', 712313825, 'GLADYS CHEPKIRUI CHEPKWONY', '28578462', 712979190, NULL, 'kipkorirnicodemus@gmail.com', NULL, 'GAS', '', '', '2020-06-09 09:31:11', 1),
(51, 'TRIZAH CHEPKEMOI', 'BUSINESS', '466', 'Litein', 'CHEBAGAL- ARAP KIRUI', '38285022', 717846244, 'BETTY CHEPKEMOI', '35344118', 702847028, NULL, 'kipkorirnicodemus@gmail.com', NULL, 'COW', '', '', '2020-06-09 09:35:38', 1),
(52, 'BETTY CHEPKEMOI', 'BUSINESS', '466', 'Litein', 'RUNGUT- ARAP LANGAT', '35344118', 702847028, 'TRIZAH CHEPKEMOI', '38285022', 717846244, NULL, 'kipkorirnicodemus@gmail.com', NULL, 'SOFA SET', '', '', '2020-06-09 09:40:46', 1),
(53, 'VIVIAN CHEPKEMOI SANG', 'BUSINESS', '466', 'Litein', 'RUNGUT', '23803531', 710362379, 'JACKLINE CHERONO', '23302163', 701642055, NULL, 'kipkorirnicodemus@gmail.com', NULL, 'GASS', '', '', '2020-06-09 09:43:34', 1),
(54, 'SHARON KIPLIMO', 'Shop keeper', '466', 'LITEIN', 'KOIWA ROAD', '45689432', 719830410, 'SHADRACK KIPRUTO TANUI', '32990718', 759206106, NULL, 'KIPLANGATTYGON@KIPS.GMAIL', NULL, 'TV\r\n', '', '', '2020-06-18 13:14:18', 1);

--
-- Indexes for dumped tables
--

--
-- Indexes for table `invoices`
--
ALTER TABLE `invoices`
  ADD PRIMARY KEY (`invoice_id`);

--
-- Indexes for table `invoice_items`
--
ALTER TABLE `invoice_items`
  ADD PRIMARY KEY (`id`);

--
-- Indexes for table `services`
--
ALTER TABLE `services`
  ADD PRIMARY KEY (`service_id`);

--
-- Indexes for table `tbladmin`
--
ALTER TABLE `tbladmin`
  ADD PRIMARY KEY (`ID`);

--
-- Indexes for table `tblclient`
--
ALTER TABLE `tblclient`
  ADD PRIMARY KEY (`ID`);

--
-- AUTO_INCREMENT for dumped tables
--

--
-- AUTO_INCREMENT for table `invoices`
--
ALTER TABLE `invoices`
  MODIFY `invoice_id` int(20) NOT NULL AUTO_INCREMENT, AUTO_INCREMENT=39;

--
-- AUTO_INCREMENT for table `invoice_items`
--
ALTER TABLE `invoice_items`
  MODIFY `id` int(20) NOT NULL AUTO_INCREMENT, AUTO_INCREMENT=457;

--
-- AUTO_INCREMENT for table `services`
--
ALTER TABLE `services`
  MODIFY `service_id` bigint(20) NOT NULL AUTO_INCREMENT, AUTO_INCREMENT=3;

--
-- AUTO_INCREMENT for table `tbladmin`
--
ALTER TABLE `tbladmin`
  MODIFY `ID` int(10) NOT NULL AUTO_INCREMENT, AUTO_INCREMENT=3;

--
-- AUTO_INCREMENT for table `tblclient`
--
ALTER TABLE `tblclient`
  MODIFY `ID` int(10) NOT NULL AUTO_INCREMENT, AUTO_INCREMENT=55;
COMMIT;

/*!40101 SET CHARACTER_SET_CLIENT=@OLD_CHARACTER_SET_CLIENT */;
/*!40101 SET CHARACTER_SET_RESULTS=@OLD_CHARACTER_SET_RESULTS */;
/*!40101 SET COLLATION_CONNECTION=@OLD_COLLATION_CONNECTION */;
