-- phpMyAdmin SQL Dump
-- version 5.0.2
-- https://www.phpmyadmin.net/
--
-- Host: 127.0.0.1
-- Generation Time: Jul 23, 2020 at 08:36 AM
-- Server version: 10.4.11-MariaDB
-- PHP Version: 7.2.29

SET SQL_MODE = "NO_AUTO_VALUE_ON_ZERO";
START TRANSACTION;
SET time_zone = "+00:00";


/*!40101 SET @OLD_CHARACTER_SET_CLIENT=@@CHARACTER_SET_CLIENT */;
/*!40101 SET @OLD_CHARACTER_SET_RESULTS=@@CHARACTER_SET_RESULTS */;
/*!40101 SET @OLD_COLLATION_CONNECTION=@@COLLATION_CONNECTION */;
/*!40101 SET NAMES utf8mb4 */;

--
-- Database: `clientmsdb`
--

-- --------------------------------------------------------

--
-- Table structure for table `invoices`
--

CREATE TABLE `invoices` (
  `invoice_id` int(20) NOT NULL,
  `invoice_no` varchar(20) COLLATE latin1_general_ci NOT NULL,
  `invoice_date` date NOT NULL,
  `client_id` int(20) NOT NULL,
  `service_id` int(20) NOT NULL,
  `service_charge` varchar(100) COLLATE latin1_general_ci NOT NULL,
  `amount` varchar(200) COLLATE latin1_general_ci NOT NULL,
  `repayment_amount` varchar(200) COLLATE latin1_general_ci NOT NULL,
  `repayment_startdate` date NOT NULL,
  `date_created` varchar(200) COLLATE latin1_general_ci NOT NULL,
  `status` int(1) NOT NULL DEFAULT 1
) ENGINE=InnoDB DEFAULT CHARSET=latin1 COLLATE=latin1_general_ci;

--
-- Dumping data for table `invoices`
--

INSERT INTO `invoices` (`invoice_id`, `invoice_no`, `invoice_date`, `client_id`, `service_id`, `service_charge`, `amount`, `repayment_amount`, `repayment_startdate`, `date_created`, `status`) VALUES
(10, '10', '2020-05-18', 10, 1, '100', '1000', '1200', '2020-05-19', '2020-05-12 16:56:04', 1),
(12, '12', '2020-05-18', 13, 1, '50', '500', '600', '2020-05-19', '2020-05-12 16:58:46', 1),
(24, '24', '2020-05-18', 21, 1, '50', '500', '600', '2020-05-19', '2020-05-12 20:24:14', 1),
(34, '34', '2020-05-18', 4, 1, '100', '1000', '1200', '2020-05-18', '2020-05-18 19:02:24', 1),
(40, '40', '2020-05-19', 30, 1, '50', '500', '600', '2020-05-18', '2020-05-19 11:42:47', 1),
(41, '41', '2020-05-19', 17, 1, '50', '500', '600', '2020-05-20', '2020-05-19 18:51:53', 1),
(47, '47', '2020-05-24', 25, 1, '100', '1000', '1200', '2020-05-24', '2020-05-24 21:07:46', 1),
(52, '52', '2020-05-27', 38, 1, '100', '1000', '1200', '2020-05-27', '2020-05-27 20:23:04', 1),
(53, '53', '2020-05-27', 34, 1, '150', '1500', '1800', '2020-05-27', '2020-05-27 20:26:30', 1),
(54, '54', '2020-05-27', 3, 1, '50', '500', '600', '2020-05-27', '2020-05-27 20:33:47', 1),
(56, '56', '2020-05-28', 23, 1, '100', '1000', '1200', '2020-05-28', '2020-05-28 20:47:59', 1),
(60, '60', '2020-05-29', 37, 1, '100', '1000', '1200', '2020-05-29', '2020-05-29 11:43:16', 1),
(61, '61', '2020-05-29', 12, 1, '150', '1500', '1800', '2020-05-29', '2020-05-29 11:49:10', 1),
(63, '63', '2020-05-29', 43, 1, '50', '500', '600', '2020-05-29', '2020-05-29 12:18:35', 1),
(65, '65', '2020-05-29', 32, 1, '100', '1000', '1200', '2020-05-29', '2020-05-29 12:24:05', 1),
(66, '66', '2020-05-30', 29, 1, '150', '1500', '1800', '2020-05-30', '2020-05-30 20:15:15', 1),
(68, '68', '2020-06-03', 26, 1, '100', '1000', '1200', '2020-06-04', '2020-06-03 22:54:32', 1),
(70, '70', '2020-06-03', 24, 1, '50', '500', '600', '2020-06-03', '2020-06-03 23:03:06', 1),
(72, '72', '2020-06-03', 33, 1, '560', '5600', '6720', '2020-06-04', '2020-06-03 23:21:03', 1),
(73, '73', '2020-06-04', 14, 1, '150', '1500', '1800', '2020-06-04', '2020-06-04 22:13:56', 1),
(74, '74', '2020-06-04', 31, 1, '200', '2000', '2400', '2020-06-04', '2020-06-04 22:23:31', 1),
(75, '75', '2020-06-04', 35, 1, '750', '7500', '9000', '2020-06-04', '2020-06-04 22:31:50', 1),
(76, '76', '2020-06-05', 11, 1, '100', '1000', '1200', '2020-06-05', '2020-06-05 22:04:05', 1),
(77, '77', '2020-06-06', 27, 1, '200', '2000', '2400', '2020-06-06', '2020-06-06 16:02:39', 1),
(78, '78', '2020-06-06', 28, 1, '400', '4000', '4800', '2020-06-06', '2020-06-06 16:44:41', 1),
(79, '79', '2020-06-06', 6, 1, '100', '1000', '1200', '2020-06-06', '2020-06-06 16:50:39', 1),
(80, '80', '2020-06-08', 15, 1, '100', '1000', '1200', '2020-06-08', '2020-06-08 22:36:31', 1),
(81, '81', '2020-06-08', 22, 1, '150', '1500', '1800', '2020-06-08', '2020-06-08 23:03:58', 1),
(82, '82', '2020-06-10', 9, 1, '150', '1500', '1800', '2020-06-10', '2020-06-10 22:52:20', 1),
(83, '83', '2020-06-10', 41, 1, '100', '1000', '1200', '2020-06-10', '2020-06-10 23:01:06', 1),
(84, '84', '2020-06-12', 36, 1, '150', '1500', '1800', '2020-06-12', '2020-06-12 22:14:06', 1),
(85, '85', '2020-06-12', 19, 1, '900', '9000', '10800', '2020-06-12', '2020-06-12 22:32:27', 1),
(86, '86', '2020-06-12', 39, 1, '50', '500', '600', '2020-06-12', '2020-06-12 22:42:43', 1),
(87, '87', '2020-06-12', 20, 1, '250', '2500', '3000', '2020-06-12', '2020-06-12 22:47:14', 1),
(88, '88', '2020-06-12', 42, 1, '150', '1500', '1800', '2020-06-12', '2020-06-12 22:51:59', 1),
(89, '89', '2020-06-12', 40, 1, '50', '500', '600', '2020-06-12', '2020-06-12 22:54:07', 1),
(91, '91', '2020-06-19', 48, 1, '150', '1500', '1800', '2020-06-20', '2020-06-19 16:56:34', 1),
(92, '92', '2020-06-19', 47, 1, '150', '1500', '1800', '2020-06-19', '2020-06-19 16:57:05', 1),
(93, '93', '2020-06-19', 46, 1, '100', '1000', '1200', '2020-06-18', '2020-06-19 16:59:27', 1),
(94, '94', '2020-06-19', 45, 1, '50', '500', '600', '2020-06-20', '2020-06-19 17:00:27', 1),
(96, '96', '2020-03-01', 1, 1, '50', '5000', '6000', '2020-03-03', '2020-06-23 11:33:55', 1),
(97, '97', '2020-06-23', 1, 1, '50', '2000', '2400', '2020-06-23', '2020-06-23 11:47:39', 1),
(98, '98', '2020-06-26', 27, 1, '400', '4000', '4800', '2020-06-26', '2020-06-26 22:00:50', 1),
(99, '99', '2020-06-26', 26, 1, '100', '1000', '1200', '2020-06-27', '2020-06-26 22:05:19', 1),
(100, '100', '2020-06-27', 10, 1, '100', '1000', '1200', '2020-06-28', '2020-06-27 08:26:48', 1),
(101, '101', '2020-06-27', 14, 1, '150', '1500', '1800', '2020-06-28', '2020-06-27 08:29:47', 1),
(102, '102', '2020-06-27', 15, 1, '150', '1500', '1800', '2020-06-28', '2020-06-27 08:31:51', 1),
(103, '103', '2020-06-27', 20, 1, '300', '3000', '3600', '2020-06-28', '2020-06-27 08:34:54', 1),
(104, '104', '2020-06-27', 23, 1, '50', '500', '600', '2020-06-28', '2020-06-27 08:44:41', 1),
(105, '105', '2020-06-27', 37, 1, '100', '1000', '1200', '2020-06-28', '2020-06-27 08:46:31', 1),
(106, '106', '2020-06-27', 12, 1, '200', '2000', '2400', '2020-06-28', '2020-06-27 08:51:21', 1),
(107, '107', '2020-06-27', 18, 1, '200', '2000', '2400', '2020-06-28', '2020-06-27 08:53:00', 1),
(108, '108', '2020-06-27', 38, 1, '100', '1000', '1200', '2020-06-28', '2020-06-27 08:55:39', 1),
(109, '109', '2020-06-27', 34, 1, '150', '1500', '1800', '2020-06-28', '2020-06-27 08:59:16', 1),
(110, '110', '2020-06-27', 35, 1, '900', '7500', '9000', '2020-06-28', '2020-06-27 09:03:01', 1),
(111, '111', '2020-06-27', 22, 1, '3000', '3000', '3600', '2020-06-28', '2020-06-27 09:11:10', 1),
(112, '112', '2020-06-27', 29, 1, '180', '1800', '2160', '2020-06-28', '2020-06-27 09:22:45', 1),
(113, '113', '2020-06-27', 3, 1, '70', '700', '840', '2020-06-28', '2020-06-27 09:34:08', 1),
(114, '114', '2020-06-27', 45, 1, '50', '500', '600', '2020-06-28', '2020-06-27 09:36:32', 1),
(115, '115', '2020-06-27', 24, 1, '50', '500', '600', '2020-06-28', '2020-06-27 09:38:53', 1),
(116, '116', '2020-07-07', 24, 1, '50', '2000', '2400', '2020-07-08', '2020-07-07 17:26:29', 1);

-- --------------------------------------------------------

--
-- Table structure for table `invoice_items`
--

CREATE TABLE `invoice_items` (
  `id` int(20) NOT NULL,
  `invoice_id` int(20) NOT NULL,
  `amount` varchar(200) COLLATE latin1_general_ci NOT NULL,
  `repayment_date` date NOT NULL,
  `amount_paid` varchar(200) COLLATE latin1_general_ci NOT NULL,
  `date_paid` date NOT NULL,
  `status` int(1) NOT NULL DEFAULT 1
) ENGINE=InnoDB DEFAULT CHARSET=latin1 COLLATE=latin1_general_ci;

--
-- Dumping data for table `invoice_items`
--

INSERT INTO `invoice_items` (`id`, `invoice_id`, `amount`, `repayment_date`, `amount_paid`, `date_paid`, `status`) VALUES
(114, 10, '100', '2020-05-11', '300.00', '2020-05-12', 1),
(115, 10, '100', '2020-05-12', '100', '2020-05-20', 1),
(116, 10, '100', '2020-05-13', '100', '2020-05-29', 1),
(117, 10, '100', '2020-05-14', '100', '2020-05-30', 1),
(118, 10, '100', '2020-05-15', '100', '2020-06-06', 1),
(119, 10, '100', '2020-05-16', '100', '2020-06-08', 1),
(120, 10, '100', '2020-05-18', '400', '2020-06-27', 1),
(121, 10, '100', '2020-05-19', '', '0000-00-00', 1),
(122, 10, '100', '2020-05-20', '', '0000-00-00', 1),
(123, 10, '100', '2020-05-21', '', '0000-00-00', 1),
(124, 10, '100', '2020-05-22', '', '0000-00-00', 1),
(125, 10, '100', '2020-05-23', '', '0000-00-00', 1),
(138, 12, '50', '2020-05-11', '320', '2020-05-12', 1),
(139, 12, '50', '2020-05-12', '80', '2020-05-18', 1),
(140, 12, '50', '2020-05-13', '', '0000-00-00', 1),
(141, 12, '50', '2020-05-14', '', '0000-00-00', 1),
(142, 12, '50', '2020-05-15', '', '0000-00-00', 1),
(143, 12, '50', '2020-05-16', '', '0000-00-00', 1),
(144, 12, '50', '2020-05-18', '', '0000-00-00', 1),
(145, 12, '50', '2020-05-19', '', '0000-00-00', 1),
(146, 12, '50', '2020-05-20', '', '0000-00-00', 1),
(147, 12, '50', '2020-05-21', '', '0000-00-00', 1),
(148, 12, '50', '2020-05-22', '', '0000-00-00', 1),
(149, 12, '50', '2020-05-23', '', '0000-00-00', 1),
(282, 24, '50', '2020-05-11', '400', '2020-05-12', 1),
(283, 24, '50', '2020-05-12', '100', '2020-05-18', 1),
(284, 24, '50', '2020-05-13', '', '0000-00-00', 1),
(285, 24, '50', '2020-05-14', '', '0000-00-00', 1),
(286, 24, '50', '2020-05-15', '', '0000-00-00', 1),
(287, 24, '50', '2020-05-16', '', '0000-00-00', 1),
(288, 24, '50', '2020-05-18', '', '0000-00-00', 1),
(289, 24, '50', '2020-05-19', '', '0000-00-00', 1),
(290, 24, '50', '2020-05-20', '', '0000-00-00', 1),
(291, 24, '50', '2020-05-21', '', '0000-00-00', 1),
(292, 24, '50', '2020-05-22', '', '0000-00-00', 1),
(293, 24, '50', '2020-05-23', '', '0000-00-00', 1),
(402, 34, '100', '2020-05-18', '500', '2020-05-18', 1),
(403, 34, '100', '2020-05-19', '200', '2020-05-19', 1),
(404, 34, '100', '2020-05-20', '100', '2020-05-20', 1),
(405, 34, '100', '2020-05-21', '200', '2020-05-22', 1),
(406, 34, '100', '2020-05-22', '100', '2020-05-24', 1),
(407, 34, '100', '2020-05-23', '100', '2020-06-05', 1),
(408, 34, '100', '2020-05-25', '', '0000-00-00', 1),
(409, 34, '100', '2020-05-26', '', '0000-00-00', 1),
(410, 34, '100', '2020-05-27', '', '0000-00-00', 1),
(411, 34, '100', '2020-05-28', '', '0000-00-00', 1),
(412, 34, '100', '2020-05-29', '', '0000-00-00', 1),
(413, 34, '100', '2020-05-30', '', '0000-00-00', 1),
(474, 40, '50', '2020-05-18', '500', '2020-05-19', 1),
(475, 40, '50', '2020-05-19', '100', '2020-05-28', 1),
(476, 40, '50', '2020-05-20', '', '0000-00-00', 1),
(477, 40, '50', '2020-05-21', '', '0000-00-00', 1),
(478, 40, '50', '2020-05-22', '', '0000-00-00', 1),
(479, 40, '50', '2020-05-23', '', '0000-00-00', 1),
(480, 40, '50', '2020-05-25', '', '0000-00-00', 1),
(481, 40, '50', '2020-05-26', '', '0000-00-00', 1),
(482, 40, '50', '2020-05-27', '', '0000-00-00', 1),
(483, 40, '50', '2020-05-28', '', '0000-00-00', 1),
(484, 40, '50', '2020-05-29', '', '0000-00-00', 1),
(485, 40, '50', '2020-05-30', '', '0000-00-00', 1),
(486, 41, '50', '2020-05-20', '50', '2020-05-21', 1),
(487, 41, '50', '2020-05-21', '50', '2020-05-22', 1),
(488, 41, '50', '2020-05-22', '200', '2020-05-27', 1),
(489, 41, '50', '2020-05-23', '', '0000-00-00', 1),
(490, 41, '50', '2020-05-25', '', '0000-00-00', 1),
(491, 41, '50', '2020-05-26', '', '0000-00-00', 1),
(492, 41, '50', '2020-05-27', '', '0000-00-00', 1),
(493, 41, '50', '2020-05-28', '', '0000-00-00', 1),
(494, 41, '50', '2020-05-29', '', '0000-00-00', 1),
(495, 41, '50', '2020-05-30', '', '0000-00-00', 1),
(496, 41, '50', '2020-06-01', '', '0000-00-00', 1),
(497, 41, '50', '2020-06-02', '', '0000-00-00', 1),
(558, 47, '100', '2020-05-25', '100', '2020-05-24', 1),
(559, 47, '100', '2020-05-26', '100', '2020-05-27', 1),
(560, 47, '100', '2020-05-27', '100.00', '2020-05-28', 1),
(561, 47, '100', '2020-05-28', '100', '2020-05-29', 1),
(562, 47, '100', '2020-05-29', '100.00', '2020-06-01', 1),
(563, 47, '100', '2020-05-30', '100', '2020-06-03', 1),
(564, 47, '100', '2020-06-01', '100', '2020-06-04', 1),
(565, 47, '100', '2020-06-02', '100', '2020-06-05', 1),
(566, 47, '100', '2020-06-03', '100', '2020-06-08', 1),
(567, 47, '100', '2020-06-04', '100', '2020-06-10', 1),
(568, 47, '100', '2020-06-05', '100', '2020-06-12', 1),
(569, 47, '100', '2020-06-06', '100', '2020-06-27', 1),
(618, 52, '100', '2020-05-27', '200', '2020-05-27', 1),
(619, 52, '100', '2020-05-28', '100', '2020-05-29', 1),
(620, 52, '100', '2020-05-29', '100', '2020-06-03', 1),
(621, 52, '100', '2020-05-30', '100', '2020-06-04', 1),
(622, 52, '100', '2020-06-01', '200', '2020-06-06', 1),
(623, 52, '100', '2020-06-02', '500', '2020-06-27', 1),
(624, 52, '100', '2020-06-03', '', '0000-00-00', 1),
(625, 52, '100', '2020-06-04', '', '0000-00-00', 1),
(626, 52, '100', '2020-06-05', '', '0000-00-00', 1),
(627, 52, '100', '2020-06-06', '', '0000-00-00', 1),
(628, 52, '100', '2020-06-08', '', '0000-00-00', 1),
(629, 52, '100', '2020-06-09', '', '0000-00-00', 1),
(630, 53, '150', '2020-05-27', '150', '2020-05-27', 1),
(631, 53, '150', '2020-05-28', '150', '2020-05-28', 1),
(632, 53, '150', '2020-05-29', '200', '2020-05-30', 1),
(633, 53, '150', '2020-05-30', '150', '2020-06-03', 1),
(634, 53, '150', '2020-06-01', '150', '2020-06-05', 1),
(635, 53, '150', '2020-06-02', '150', '2020-06-08', 1),
(636, 53, '150', '2020-06-03', '850', '2020-06-10', 1),
(637, 53, '150', '2020-06-04', '', '0000-00-00', 1),
(638, 53, '150', '2020-06-05', '', '0000-00-00', 1),
(639, 53, '150', '2020-06-06', '', '0000-00-00', 1),
(640, 53, '150', '2020-06-08', '', '0000-00-00', 1),
(641, 53, '150', '2020-06-09', '', '0000-00-00', 1),
(642, 54, '50', '2020-05-27', '100', '2020-05-27', 1),
(643, 54, '50', '2020-05-28', '100.00', '2020-05-29', 1),
(644, 54, '50', '2020-05-29', '200', '2020-05-29', 1),
(645, 54, '50', '2020-05-30', '100', '2020-06-01', 1),
(646, 54, '50', '2020-06-01', '100', '2020-06-03', 1),
(647, 54, '50', '2020-06-02', '', '0000-00-00', 1),
(648, 54, '50', '2020-06-03', '', '0000-00-00', 1),
(649, 54, '50', '2020-06-04', '', '0000-00-00', 1),
(650, 54, '50', '2020-06-05', '', '0000-00-00', 1),
(651, 54, '50', '2020-06-06', '', '0000-00-00', 1),
(652, 54, '50', '2020-06-08', '', '0000-00-00', 1),
(653, 54, '50', '2020-06-09', '', '0000-00-00', 1),
(666, 56, '100', '2020-05-28', '200', '2020-05-28', 1),
(667, 56, '100', '2020-05-29', '200', '2020-05-30', 1),
(668, 56, '100', '2020-05-30', '100', '2020-06-04', 1),
(669, 56, '100', '2020-06-01', '100', '2020-06-05', 1),
(670, 56, '100', '2020-06-02', '200', '2020-06-08', 1),
(671, 56, '100', '2020-06-03', '800', '2020-06-27', 1),
(672, 56, '100', '2020-06-04', '', '0000-00-00', 1),
(673, 56, '100', '2020-06-05', '', '0000-00-00', 1),
(674, 56, '100', '2020-06-06', '', '0000-00-00', 1),
(675, 56, '100', '2020-06-08', '', '0000-00-00', 1),
(676, 56, '100', '2020-06-09', '', '0000-00-00', 1),
(677, 56, '100', '2020-06-10', '', '0000-00-00', 1),
(714, 60, '100', '2020-05-29', '50', '2020-05-29', 1),
(715, 60, '100', '2020-05-30', '150', '2020-06-03', 1),
(716, 60, '100', '2020-06-01', '100', '2020-06-05', 1),
(717, 60, '100', '2020-06-02', '100', '2020-06-06', 1),
(718, 60, '100', '2020-06-03', '100', '2020-06-08', 1),
(719, 60, '100', '2020-06-04', '100', '2020-06-10', 1),
(720, 60, '100', '2020-06-05', '50', '2020-06-10', 1),
(721, 60, '100', '2020-06-06', '550', '2020-06-12', 1),
(722, 60, '100', '2020-06-08', '', '0000-00-00', 1),
(723, 60, '100', '2020-06-09', '', '0000-00-00', 1),
(724, 60, '100', '2020-06-10', '', '0000-00-00', 1),
(725, 60, '100', '2020-06-11', '', '0000-00-00', 1),
(726, 61, '150', '2020-05-29', '600', '2020-06-05', 1),
(727, 61, '150', '2020-05-30', '300', '2020-06-12', 1),
(728, 61, '150', '2020-06-01', '900', '2020-06-27', 1),
(729, 61, '150', '2020-06-02', '', '0000-00-00', 1),
(730, 61, '150', '2020-06-03', '', '0000-00-00', 1),
(731, 61, '150', '2020-06-04', '', '0000-00-00', 1),
(732, 61, '150', '2020-06-05', '', '0000-00-00', 1),
(733, 61, '150', '2020-06-06', '', '0000-00-00', 1),
(734, 61, '150', '2020-06-08', '', '0000-00-00', 1),
(735, 61, '150', '2020-06-09', '', '0000-00-00', 1),
(736, 61, '150', '2020-06-10', '', '0000-00-00', 1),
(737, 61, '150', '2020-06-11', '', '0000-00-00', 1),
(750, 63, '50', '2020-05-29', '100', '2020-05-29', 1),
(751, 63, '50', '2020-05-30', '100', '2020-06-01', 1),
(752, 63, '50', '2020-06-01', '100', '2020-06-05', 1),
(753, 63, '50', '2020-06-02', '150', '2020-06-06', 1),
(754, 63, '50', '2020-06-03', '150', '2020-06-10', 1),
(755, 63, '50', '2020-06-04', '', '0000-00-00', 1),
(756, 63, '50', '2020-06-05', '', '0000-00-00', 1),
(757, 63, '50', '2020-06-06', '', '0000-00-00', 1),
(758, 63, '50', '2020-06-08', '', '0000-00-00', 1),
(759, 63, '50', '2020-06-09', '', '0000-00-00', 1),
(760, 63, '50', '2020-06-10', '', '0000-00-00', 1),
(761, 63, '50', '2020-06-11', '', '0000-00-00', 1),
(774, 65, '100', '2020-05-29', '100', '2020-05-29', 1),
(775, 65, '100', '2020-05-30', '200.00', '2020-06-06', 1),
(776, 65, '100', '2020-06-01', '700', '2020-06-27', 1),
(777, 65, '100', '2020-06-02', '', '0000-00-00', 1),
(778, 65, '100', '2020-06-03', '', '0000-00-00', 1),
(779, 65, '100', '2020-06-04', '', '0000-00-00', 1),
(780, 65, '100', '2020-06-05', '', '0000-00-00', 1),
(781, 65, '100', '2020-06-06', '', '0000-00-00', 1),
(782, 65, '100', '2020-06-08', '', '0000-00-00', 1),
(783, 65, '100', '2020-06-09', '', '0000-00-00', 1),
(784, 65, '100', '2020-06-10', '', '0000-00-00', 1),
(785, 65, '100', '2020-06-11', '', '0000-00-00', 1),
(786, 66, '150', '2020-05-30', '150', '2020-05-30', 1),
(787, 66, '150', '2020-06-01', '300', '2020-06-03', 1),
(788, 66, '150', '2020-06-02', '300', '2020-06-04', 1),
(789, 66, '150', '2020-06-03', '300', '2020-06-08', 1),
(790, 66, '150', '2020-06-04', '100', '2020-06-10', 1),
(791, 66, '150', '2020-06-05', '650', '2020-06-27', 1),
(792, 66, '150', '2020-06-06', '', '0000-00-00', 1),
(793, 66, '150', '2020-06-08', '', '0000-00-00', 1),
(794, 66, '150', '2020-06-09', '', '0000-00-00', 1),
(795, 66, '150', '2020-06-10', '', '0000-00-00', 1),
(796, 66, '150', '2020-06-11', '', '0000-00-00', 1),
(797, 66, '150', '2020-06-12', '', '0000-00-00', 1),
(810, 68, '100', '2020-06-04', '100', '2020-06-04', 1),
(811, 68, '100', '2020-06-05', '200', '2020-06-06', 1),
(812, 68, '100', '2020-06-06', '100', '2020-06-08', 1),
(813, 68, '100', '2020-06-08', '200', '2020-06-10', 1),
(814, 68, '100', '2020-06-09', '600', '2020-06-26', 1),
(815, 68, '100', '2020-06-10', '', '0000-00-00', 1),
(816, 68, '100', '2020-06-11', '', '0000-00-00', 1),
(817, 68, '100', '2020-06-12', '', '0000-00-00', 1),
(818, 68, '100', '2020-06-13', '', '0000-00-00', 1),
(819, 68, '100', '2020-06-15', '', '0000-00-00', 1),
(820, 68, '100', '2020-06-16', '', '0000-00-00', 1),
(821, 68, '100', '2020-06-17', '', '0000-00-00', 1),
(834, 70, '50', '2020-06-03', '50', '2020-06-03', 1),
(835, 70, '50', '2020-06-04', '50', '2020-06-04', 1),
(836, 70, '50', '2020-06-05', '100', '2020-06-06', 1),
(837, 70, '50', '2020-06-06', '50', '2020-06-08', 1),
(838, 70, '50', '2020-06-08', '100', '2020-06-10', 1),
(839, 70, '50', '2020-06-09', '50', '2020-06-12', 1),
(840, 70, '50', '2020-06-10', '100', '2020-06-12', 1),
(841, 70, '50', '2020-06-11', '100', '2020-06-27', 1),
(842, 70, '50', '2020-06-12', '', '0000-00-00', 1),
(843, 70, '50', '2020-06-13', '', '0000-00-00', 1),
(844, 70, '50', '2020-06-15', '', '0000-00-00', 1),
(845, 70, '50', '2020-06-16', '', '0000-00-00', 1),
(858, 72, '560', '2020-06-04', '6720', '2020-06-08', 1),
(859, 72, '560', '2020-06-05', '', '0000-00-00', 1),
(860, 72, '560', '2020-06-06', '', '0000-00-00', 1),
(861, 72, '560', '2020-06-08', '', '0000-00-00', 1),
(862, 72, '560', '2020-06-09', '', '0000-00-00', 1),
(863, 72, '560', '2020-06-10', '', '0000-00-00', 1),
(864, 72, '560', '2020-06-11', '', '0000-00-00', 1),
(865, 72, '560', '2020-06-12', '', '0000-00-00', 1),
(866, 72, '560', '2020-06-13', '', '0000-00-00', 1),
(867, 72, '560', '2020-06-15', '', '0000-00-00', 1),
(868, 72, '560', '2020-06-16', '', '0000-00-00', 1),
(869, 72, '560', '2020-06-17', '', '0000-00-00', 1),
(870, 73, '150', '2020-06-04', '150', '2020-06-04', 1),
(871, 73, '150', '2020-06-05', '150', '2020-06-06', 1),
(872, 73, '150', '2020-06-06', '150', '2020-06-08', 1),
(873, 73, '150', '2020-06-08', '150', '2020-06-10', 1),
(874, 73, '150', '2020-06-09', '150', '2020-06-12', 1),
(875, 73, '150', '2020-06-10', '1050', '2020-06-27', 1),
(876, 73, '150', '2020-06-11', '', '0000-00-00', 1),
(877, 73, '150', '2020-06-12', '', '0000-00-00', 1),
(878, 73, '150', '2020-06-13', '', '0000-00-00', 1),
(879, 73, '150', '2020-06-15', '', '0000-00-00', 1),
(880, 73, '150', '2020-06-16', '', '0000-00-00', 1),
(881, 73, '150', '2020-06-17', '', '0000-00-00', 1),
(882, 74, '200', '2020-06-04', '200', '2020-06-04', 1),
(883, 74, '200', '2020-06-05', '200', '2020-06-05', 1),
(884, 74, '200', '2020-06-06', '200.00', '2020-06-08', 1),
(885, 74, '200', '2020-06-08', '100', '2020-06-27', 1),
(886, 74, '200', '2020-06-09', '', '0000-00-00', 1),
(887, 74, '200', '2020-06-10', '', '0000-00-00', 1),
(888, 74, '200', '2020-06-11', '', '0000-00-00', 1),
(889, 74, '200', '2020-06-12', '', '0000-00-00', 1),
(890, 74, '200', '2020-06-13', '', '0000-00-00', 1),
(891, 74, '200', '2020-06-15', '', '0000-00-00', 1),
(892, 74, '200', '2020-06-16', '', '0000-00-00', 1),
(893, 74, '200', '2020-06-17', '', '0000-00-00', 1),
(894, 75, '750', '2020-06-04', '750', '2020-06-04', 1),
(895, 75, '750', '2020-06-05', '700', '2020-06-06', 1),
(896, 75, '750', '2020-06-06', '750', '2020-06-10', 1),
(897, 75, '750', '2020-06-08', '750', '2020-06-12', 1),
(898, 75, '750', '2020-06-09', '6050', '2020-06-27', 1),
(899, 75, '750', '2020-06-10', '', '0000-00-00', 1),
(900, 75, '750', '2020-06-11', '', '0000-00-00', 1),
(901, 75, '750', '2020-06-12', '', '0000-00-00', 1),
(902, 75, '750', '2020-06-13', '', '0000-00-00', 1),
(903, 75, '750', '2020-06-15', '', '0000-00-00', 1),
(904, 75, '750', '2020-06-16', '', '0000-00-00', 1),
(905, 75, '750', '2020-06-17', '', '0000-00-00', 1),
(906, 76, '100', '2020-06-05', '100', '2020-06-05', 1),
(907, 76, '100', '2020-06-06', '100', '2020-06-08', 1),
(908, 76, '100', '2020-06-08', '100', '2020-06-12', 1),
(909, 76, '100', '2020-06-09', '', '0000-00-00', 1),
(910, 76, '100', '2020-06-10', '', '0000-00-00', 1),
(911, 76, '100', '2020-06-11', '', '0000-00-00', 1),
(912, 76, '100', '2020-06-12', '', '0000-00-00', 1),
(913, 76, '100', '2020-06-13', '', '0000-00-00', 1),
(914, 76, '100', '2020-06-15', '', '0000-00-00', 1),
(915, 76, '100', '2020-06-16', '', '0000-00-00', 1),
(916, 76, '100', '2020-06-17', '', '0000-00-00', 1),
(917, 76, '100', '2020-06-18', '', '0000-00-00', 1),
(918, 77, '200', '2020-06-06', '200', '2020-06-08', 1),
(919, 77, '200', '2020-06-08', '200', '2020-06-10', 1),
(920, 77, '200', '2020-06-09', '2000', '2020-06-26', 1),
(921, 77, '200', '2020-06-10', '', '0000-00-00', 1),
(922, 77, '200', '2020-06-11', '', '0000-00-00', 1),
(923, 77, '200', '2020-06-12', '', '0000-00-00', 1),
(924, 77, '200', '2020-06-13', '', '0000-00-00', 1),
(925, 77, '200', '2020-06-15', '', '0000-00-00', 1),
(926, 77, '200', '2020-06-16', '', '0000-00-00', 1),
(927, 77, '200', '2020-06-17', '', '0000-00-00', 1),
(928, 77, '200', '2020-06-18', '', '0000-00-00', 1),
(929, 77, '200', '2020-06-19', '', '0000-00-00', 1),
(930, 78, '400', '2020-06-06', '2400', '2020-06-26', 1),
(931, 78, '400', '2020-06-08', '', '0000-00-00', 1),
(932, 78, '400', '2020-06-09', '', '0000-00-00', 1),
(933, 78, '400', '2020-06-10', '', '0000-00-00', 1),
(934, 78, '400', '2020-06-11', '', '0000-00-00', 1),
(935, 78, '400', '2020-06-12', '', '0000-00-00', 1),
(936, 78, '400', '2020-06-13', '', '0000-00-00', 1),
(937, 78, '400', '2020-06-15', '', '0000-00-00', 1),
(938, 78, '400', '2020-06-16', '', '0000-00-00', 1),
(939, 78, '400', '2020-06-17', '', '0000-00-00', 1),
(940, 78, '400', '2020-06-18', '', '0000-00-00', 1),
(941, 78, '400', '2020-06-19', '', '0000-00-00', 1),
(942, 79, '100', '2020-06-06', '100', '2020-06-06', 1),
(943, 79, '100', '2020-06-08', '200', '2020-06-08', 1),
(944, 79, '100', '2020-06-09', '200', '2020-06-10', 1),
(945, 79, '100', '2020-06-10', '200', '2020-06-10', 1),
(946, 79, '100', '2020-06-11', '100', '2020-06-12', 1),
(947, 79, '100', '2020-06-12', '', '0000-00-00', 1),
(948, 79, '100', '2020-06-13', '', '0000-00-00', 1),
(949, 79, '100', '2020-06-15', '', '0000-00-00', 1),
(950, 79, '100', '2020-06-16', '', '0000-00-00', 1),
(951, 79, '100', '2020-06-17', '', '0000-00-00', 1),
(952, 79, '100', '2020-06-18', '', '0000-00-00', 1),
(953, 79, '100', '2020-06-19', '', '0000-00-00', 1),
(954, 80, '100', '2020-06-08', '100', '2020-06-08', 1),
(955, 80, '100', '2020-06-09', '100', '2020-06-10', 1),
(956, 80, '100', '2020-06-10', '100', '2020-06-10', 1),
(957, 80, '100', '2020-06-11', '100', '2020-06-12', 1),
(958, 80, '100', '2020-06-12', '100', '2020-06-12', 1),
(959, 80, '100', '2020-06-13', '700', '2020-06-27', 1),
(960, 80, '100', '2020-06-15', '', '0000-00-00', 1),
(961, 80, '100', '2020-06-16', '', '0000-00-00', 1),
(962, 80, '100', '2020-06-17', '', '0000-00-00', 1),
(963, 80, '100', '2020-06-18', '', '0000-00-00', 1),
(964, 80, '100', '2020-06-19', '', '0000-00-00', 1),
(965, 80, '100', '2020-06-20', '', '0000-00-00', 1),
(966, 81, '150', '2020-06-08', '250', '2020-06-08', 1),
(967, 81, '150', '2020-06-09', '250', '2020-06-10', 1),
(968, 81, '150', '2020-06-10', '250', '2020-06-10', 1),
(969, 81, '150', '2020-06-11', '250', '2020-06-12', 1),
(970, 81, '150', '2020-06-12', '1800', '2020-06-27', 1),
(971, 81, '150', '2020-06-13', '', '0000-00-00', 1),
(972, 81, '150', '2020-06-15', '', '0000-00-00', 1),
(973, 81, '150', '2020-06-16', '', '0000-00-00', 1),
(974, 81, '150', '2020-06-17', '', '0000-00-00', 1),
(975, 81, '150', '2020-06-18', '', '0000-00-00', 1),
(976, 81, '150', '2020-06-19', '', '0000-00-00', 1),
(977, 81, '150', '2020-06-20', '', '0000-00-00', 1),
(978, 82, '150', '2020-06-10', '150', '2020-06-10', 1),
(979, 82, '150', '2020-06-11', '500', '2020-06-12', 1),
(980, 82, '150', '2020-06-12', '1050', '2020-06-27', 1),
(981, 82, '150', '2020-06-13', '', '0000-00-00', 1),
(982, 82, '150', '2020-06-15', '', '0000-00-00', 1),
(983, 82, '150', '2020-06-16', '', '0000-00-00', 1),
(984, 82, '150', '2020-06-17', '', '0000-00-00', 1),
(985, 82, '150', '2020-06-18', '', '0000-00-00', 1),
(986, 82, '150', '2020-06-19', '', '0000-00-00', 1),
(987, 82, '150', '2020-06-20', '', '0000-00-00', 1),
(988, 82, '150', '2020-06-22', '', '0000-00-00', 1),
(989, 82, '150', '2020-06-23', '', '0000-00-00', 1),
(990, 83, '100', '2020-06-10', '100', '2020-06-10', 1),
(991, 83, '100', '2020-06-11', '100', '2020-06-12', 1),
(992, 83, '100', '2020-06-12', '800', '2020-06-27', 1),
(993, 83, '100', '2020-06-13', '', '0000-00-00', 1),
(994, 83, '100', '2020-06-15', '', '0000-00-00', 1),
(995, 83, '100', '2020-06-16', '', '0000-00-00', 1),
(996, 83, '100', '2020-06-17', '', '0000-00-00', 1),
(997, 83, '100', '2020-06-18', '', '0000-00-00', 1),
(998, 83, '100', '2020-06-19', '', '0000-00-00', 1),
(999, 83, '100', '2020-06-20', '', '0000-00-00', 1),
(1000, 83, '100', '2020-06-22', '', '0000-00-00', 1),
(1001, 83, '100', '2020-06-23', '', '0000-00-00', 1),
(1002, 84, '150', '2020-06-12', '100', '2020-06-12', 1),
(1003, 84, '150', '2020-06-13', '400', '2020-06-26', 1),
(1004, 84, '150', '2020-06-15', '', '0000-00-00', 1),
(1005, 84, '150', '2020-06-16', '', '0000-00-00', 1),
(1006, 84, '150', '2020-06-17', '', '0000-00-00', 1),
(1007, 84, '150', '2020-06-18', '', '0000-00-00', 1),
(1008, 84, '150', '2020-06-19', '', '0000-00-00', 1),
(1009, 84, '150', '2020-06-20', '', '0000-00-00', 1),
(1010, 84, '150', '2020-06-22', '', '0000-00-00', 1),
(1011, 84, '150', '2020-06-23', '', '0000-00-00', 1),
(1012, 84, '150', '2020-06-24', '', '0000-00-00', 1),
(1013, 84, '150', '2020-06-25', '', '0000-00-00', 1),
(1014, 85, '900', '2020-06-12', '5700', '2020-06-27', 1),
(1015, 85, '900', '2020-06-13', '', '0000-00-00', 1),
(1016, 85, '900', '2020-06-15', '', '0000-00-00', 1),
(1017, 85, '900', '2020-06-16', '', '0000-00-00', 1),
(1018, 85, '900', '2020-06-17', '', '0000-00-00', 1),
(1019, 85, '900', '2020-06-18', '', '0000-00-00', 1),
(1020, 85, '900', '2020-06-19', '', '0000-00-00', 1),
(1021, 85, '900', '2020-06-20', '', '0000-00-00', 1),
(1022, 85, '900', '2020-06-22', '', '0000-00-00', 1),
(1023, 85, '900', '2020-06-23', '', '0000-00-00', 1),
(1024, 85, '900', '2020-06-24', '', '0000-00-00', 1),
(1025, 85, '900', '2020-06-25', '', '0000-00-00', 1),
(1026, 86, '50', '2020-06-12', '', '0000-00-00', 1),
(1027, 86, '50', '2020-06-13', '', '0000-00-00', 1),
(1028, 86, '50', '2020-06-15', '', '0000-00-00', 1),
(1029, 86, '50', '2020-06-16', '', '0000-00-00', 1),
(1030, 86, '50', '2020-06-17', '', '0000-00-00', 1),
(1031, 86, '50', '2020-06-18', '', '0000-00-00', 1),
(1032, 86, '50', '2020-06-19', '', '0000-00-00', 1),
(1033, 86, '50', '2020-06-20', '', '0000-00-00', 1),
(1034, 86, '50', '2020-06-22', '', '0000-00-00', 1),
(1035, 86, '50', '2020-06-23', '', '0000-00-00', 1),
(1036, 86, '50', '2020-06-24', '', '0000-00-00', 1),
(1037, 86, '50', '2020-06-25', '', '0000-00-00', 1),
(1038, 87, '250', '2020-06-12', '250', '2020-06-12', 1),
(1039, 87, '250', '2020-06-13', '2750', '2020-06-27', 1),
(1040, 87, '250', '2020-06-15', '', '0000-00-00', 1),
(1041, 87, '250', '2020-06-16', '', '0000-00-00', 1),
(1042, 87, '250', '2020-06-17', '', '0000-00-00', 1),
(1043, 87, '250', '2020-06-18', '', '0000-00-00', 1),
(1044, 87, '250', '2020-06-19', '', '0000-00-00', 1),
(1045, 87, '250', '2020-06-20', '', '0000-00-00', 1),
(1046, 87, '250', '2020-06-22', '', '0000-00-00', 1),
(1047, 87, '250', '2020-06-23', '', '0000-00-00', 1),
(1048, 87, '250', '2020-06-24', '', '0000-00-00', 1),
(1049, 87, '250', '2020-06-25', '', '0000-00-00', 1),
(1050, 88, '150', '2020-06-12', '150', '2020-06-12', 1),
(1051, 88, '150', '2020-06-13', '', '0000-00-00', 1),
(1052, 88, '150', '2020-06-15', '', '0000-00-00', 1),
(1053, 88, '150', '2020-06-16', '', '0000-00-00', 1),
(1054, 88, '150', '2020-06-17', '', '0000-00-00', 1),
(1055, 88, '150', '2020-06-18', '', '0000-00-00', 1),
(1056, 88, '150', '2020-06-19', '', '0000-00-00', 1),
(1057, 88, '150', '2020-06-20', '', '0000-00-00', 1),
(1058, 88, '150', '2020-06-22', '', '0000-00-00', 1),
(1059, 88, '150', '2020-06-23', '', '0000-00-00', 1),
(1060, 88, '150', '2020-06-24', '', '0000-00-00', 1),
(1061, 88, '150', '2020-06-25', '', '0000-00-00', 1),
(1062, 89, '50', '2020-06-12', '50', '2020-06-12', 1),
(1063, 89, '50', '2020-06-13', '300', '2020-06-27', 1),
(1064, 89, '50', '2020-06-15', '', '0000-00-00', 1),
(1065, 89, '50', '2020-06-16', '', '0000-00-00', 1),
(1066, 89, '50', '2020-06-17', '', '0000-00-00', 1),
(1067, 89, '50', '2020-06-18', '', '0000-00-00', 1),
(1068, 89, '50', '2020-06-19', '', '0000-00-00', 1),
(1069, 89, '50', '2020-06-20', '', '0000-00-00', 1),
(1070, 89, '50', '2020-06-22', '', '0000-00-00', 1),
(1071, 89, '50', '2020-06-23', '', '0000-00-00', 1),
(1072, 89, '50', '2020-06-24', '', '0000-00-00', 1),
(1073, 89, '50', '2020-06-25', '', '0000-00-00', 1),
(1086, 91, '150', '2020-06-20', '250', '2020-06-27', 1),
(1087, 91, '150', '2020-06-22', '', '0000-00-00', 1),
(1088, 91, '150', '2020-06-23', '', '0000-00-00', 1),
(1089, 91, '150', '2020-06-24', '', '0000-00-00', 1),
(1090, 91, '150', '2020-06-25', '', '0000-00-00', 1),
(1091, 91, '150', '2020-06-26', '', '0000-00-00', 1),
(1092, 91, '150', '2020-06-27', '', '0000-00-00', 1),
(1093, 91, '150', '2020-06-29', '', '0000-00-00', 1),
(1094, 91, '150', '2020-06-30', '', '0000-00-00', 1),
(1095, 91, '150', '2020-07-01', '', '0000-00-00', 1),
(1096, 91, '150', '2020-07-02', '', '0000-00-00', 1),
(1097, 91, '150', '2020-07-03', '', '0000-00-00', 1),
(1098, 92, '150', '2020-06-20', '450', '2020-06-27', 1),
(1099, 92, '150', '2020-06-22', '', '0000-00-00', 1),
(1100, 92, '150', '2020-06-23', '', '0000-00-00', 1),
(1101, 92, '150', '2020-06-24', '', '0000-00-00', 1),
(1102, 92, '150', '2020-06-25', '', '0000-00-00', 1),
(1103, 92, '150', '2020-06-26', '', '0000-00-00', 1),
(1104, 92, '150', '2020-06-27', '', '0000-00-00', 1),
(1105, 92, '150', '2020-06-29', '', '0000-00-00', 1),
(1106, 92, '150', '2020-06-30', '', '0000-00-00', 1),
(1107, 92, '150', '2020-07-01', '', '0000-00-00', 1),
(1108, 92, '150', '2020-07-02', '', '0000-00-00', 1),
(1109, 92, '150', '2020-07-03', '', '0000-00-00', 1),
(1110, 93, '100', '2020-06-18', '100', '2020-06-22', 1),
(1111, 93, '100', '2020-06-19', '200', '2020-06-23', 1),
(1112, 93, '100', '2020-06-20', '400', '2020-06-27', 1),
(1113, 93, '100', '2020-06-22', '', '0000-00-00', 1),
(1114, 93, '100', '2020-06-23', '', '0000-00-00', 1),
(1115, 93, '100', '2020-06-24', '', '0000-00-00', 1),
(1116, 93, '100', '2020-06-25', '', '0000-00-00', 1),
(1117, 93, '100', '2020-06-26', '', '0000-00-00', 1),
(1118, 93, '100', '2020-06-27', '', '0000-00-00', 1),
(1119, 93, '100', '2020-06-29', '', '0000-00-00', 1),
(1120, 93, '100', '2020-06-30', '', '0000-00-00', 1),
(1121, 93, '100', '2020-07-01', '', '0000-00-00', 1),
(1122, 94, '50', '2020-06-20', '600', '2020-06-22', 1),
(1123, 94, '50', '2020-06-22', '', '0000-00-00', 1),
(1124, 94, '50', '2020-06-23', '', '0000-00-00', 1),
(1125, 94, '50', '2020-06-24', '', '0000-00-00', 1),
(1126, 94, '50', '2020-06-25', '', '0000-00-00', 1),
(1127, 94, '50', '2020-06-26', '', '0000-00-00', 1),
(1128, 94, '50', '2020-06-27', '', '0000-00-00', 1),
(1129, 94, '50', '2020-06-29', '', '0000-00-00', 1),
(1130, 94, '50', '2020-06-30', '', '0000-00-00', 1),
(1131, 94, '50', '2020-07-01', '', '0000-00-00', 1),
(1132, 94, '50', '2020-07-02', '', '0000-00-00', 1),
(1133, 94, '50', '2020-07-03', '', '0000-00-00', 1),
(1146, 96, '500', '2020-03-03', '6000', '2020-06-23', 1),
(1147, 96, '500', '2020-03-04', '', '0000-00-00', 1),
(1148, 96, '500', '2020-03-05', '', '0000-00-00', 1),
(1149, 96, '500', '2020-03-06', '', '0000-00-00', 1),
(1150, 96, '500', '2020-03-07', '', '0000-00-00', 1),
(1151, 96, '500', '2020-03-09', '', '0000-00-00', 1),
(1152, 96, '500', '2020-03-10', '', '0000-00-00', 1),
(1153, 96, '500', '2020-03-11', '', '0000-00-00', 1),
(1154, 96, '500', '2020-03-12', '', '0000-00-00', 1),
(1155, 96, '500', '2020-03-13', '', '0000-00-00', 1),
(1156, 96, '500', '2020-03-14', '', '0000-00-00', 1),
(1157, 96, '500', '2020-03-16', '', '0000-00-00', 1),
(1158, 97, '200', '2020-06-23', '2400', '2020-06-23', 1),
(1159, 97, '200', '2020-06-24', '', '0000-00-00', 1),
(1160, 97, '200', '2020-06-25', '', '0000-00-00', 1),
(1161, 97, '200', '2020-06-26', '', '0000-00-00', 1),
(1162, 97, '200', '2020-06-27', '', '0000-00-00', 1),
(1163, 97, '200', '2020-06-29', '', '0000-00-00', 1),
(1164, 97, '200', '2020-06-30', '', '0000-00-00', 1),
(1165, 97, '200', '2020-07-01', '', '0000-00-00', 1),
(1166, 97, '200', '2020-07-02', '', '0000-00-00', 1),
(1167, 97, '200', '2020-07-03', '', '0000-00-00', 1),
(1168, 97, '200', '2020-07-04', '', '0000-00-00', 1),
(1169, 97, '200', '2020-07-06', '', '0000-00-00', 1),
(1170, 98, '400', '2020-06-26', '600.00', '2020-06-26', 1),
(1171, 98, '400', '2020-06-27', '', '0000-00-00', 1),
(1172, 98, '400', '2020-06-29', '', '0000-00-00', 1),
(1173, 98, '400', '2020-06-30', '', '0000-00-00', 1),
(1174, 98, '400', '2020-07-01', '', '0000-00-00', 1),
(1175, 98, '400', '2020-07-02', '', '0000-00-00', 1),
(1176, 98, '400', '2020-07-03', '', '0000-00-00', 1),
(1177, 98, '400', '2020-07-04', '', '0000-00-00', 1),
(1178, 98, '400', '2020-07-06', '', '0000-00-00', 1),
(1179, 98, '400', '2020-07-07', '', '0000-00-00', 1),
(1180, 98, '400', '2020-07-08', '', '0000-00-00', 1),
(1181, 98, '400', '2020-07-09', '', '0000-00-00', 1),
(1182, 99, '100', '2020-06-27', '100', '2020-06-26', 1),
(1183, 99, '100', '2020-06-29', '', '0000-00-00', 1),
(1184, 99, '100', '2020-06-30', '', '0000-00-00', 1),
(1185, 99, '100', '2020-07-01', '', '0000-00-00', 1),
(1186, 99, '100', '2020-07-02', '', '0000-00-00', 1),
(1187, 99, '100', '2020-07-03', '', '0000-00-00', 1),
(1188, 99, '100', '2020-07-04', '', '0000-00-00', 1),
(1189, 99, '100', '2020-07-06', '', '0000-00-00', 1),
(1190, 99, '100', '2020-07-07', '', '0000-00-00', 1),
(1191, 99, '100', '2020-07-08', '', '0000-00-00', 1),
(1192, 99, '100', '2020-07-09', '', '0000-00-00', 1),
(1193, 99, '100', '2020-07-10', '', '0000-00-00', 1),
(1194, 100, '100', '2020-06-29', '400.00', '2020-06-27', 1),
(1195, 100, '100', '2020-06-30', '', '0000-00-00', 1),
(1196, 100, '100', '2020-07-01', '', '0000-00-00', 1),
(1197, 100, '100', '2020-07-02', '', '0000-00-00', 1),
(1198, 100, '100', '2020-07-03', '', '0000-00-00', 1),
(1199, 100, '100', '2020-07-04', '', '0000-00-00', 1),
(1200, 100, '100', '2020-07-06', '', '0000-00-00', 1),
(1201, 100, '100', '2020-07-07', '', '0000-00-00', 1),
(1202, 100, '100', '2020-07-08', '', '0000-00-00', 1),
(1203, 100, '100', '2020-07-09', '', '0000-00-00', 1),
(1204, 100, '100', '2020-07-10', '', '0000-00-00', 1),
(1205, 100, '100', '2020-07-11', '', '0000-00-00', 1),
(1206, 101, '150', '2020-06-29', '1050', '2020-06-27', 1),
(1207, 101, '150', '2020-06-30', '', '0000-00-00', 1),
(1208, 101, '150', '2020-07-01', '', '0000-00-00', 1),
(1209, 101, '150', '2020-07-02', '', '0000-00-00', 1),
(1210, 101, '150', '2020-07-03', '', '0000-00-00', 1),
(1211, 101, '150', '2020-07-04', '', '0000-00-00', 1),
(1212, 101, '150', '2020-07-06', '', '0000-00-00', 1),
(1213, 101, '150', '2020-07-07', '', '0000-00-00', 1),
(1214, 101, '150', '2020-07-08', '', '0000-00-00', 1),
(1215, 101, '150', '2020-07-09', '', '0000-00-00', 1),
(1216, 101, '150', '2020-07-10', '', '0000-00-00', 1),
(1217, 101, '150', '2020-07-11', '', '0000-00-00', 1),
(1218, 102, '150', '2020-06-29', '250', '2020-06-27', 1),
(1219, 102, '150', '2020-06-30', '350', '2020-07-07', 1),
(1220, 102, '150', '2020-07-01', '', '0000-00-00', 1),
(1221, 102, '150', '2020-07-02', '', '0000-00-00', 1),
(1222, 102, '150', '2020-07-03', '', '0000-00-00', 1),
(1223, 102, '150', '2020-07-04', '', '0000-00-00', 1),
(1224, 102, '150', '2020-07-06', '', '0000-00-00', 1),
(1225, 102, '150', '2020-07-07', '', '0000-00-00', 1),
(1226, 102, '150', '2020-07-08', '', '0000-00-00', 1),
(1227, 102, '150', '2020-07-09', '', '0000-00-00', 1),
(1228, 102, '150', '2020-07-10', '', '0000-00-00', 1),
(1229, 102, '150', '2020-07-11', '', '0000-00-00', 1),
(1230, 103, '300', '2020-06-29', '300', '2020-06-27', 1),
(1231, 103, '300', '2020-06-30', '', '0000-00-00', 1),
(1232, 103, '300', '2020-07-01', '', '0000-00-00', 1),
(1233, 103, '300', '2020-07-02', '', '0000-00-00', 1),
(1234, 103, '300', '2020-07-03', '', '0000-00-00', 1),
(1235, 103, '300', '2020-07-04', '', '0000-00-00', 1),
(1236, 103, '300', '2020-07-06', '', '0000-00-00', 1),
(1237, 103, '300', '2020-07-07', '', '0000-00-00', 1),
(1238, 103, '300', '2020-07-08', '', '0000-00-00', 1),
(1239, 103, '300', '2020-07-09', '', '0000-00-00', 1),
(1240, 103, '300', '2020-07-10', '', '0000-00-00', 1),
(1241, 103, '300', '2020-07-11', '', '0000-00-00', 1),
(1242, 104, '50', '2020-06-29', '200', '2020-06-27', 1),
(1243, 104, '50', '2020-06-30', '', '0000-00-00', 1),
(1244, 104, '50', '2020-07-01', '', '0000-00-00', 1),
(1245, 104, '50', '2020-07-02', '', '0000-00-00', 1),
(1246, 104, '50', '2020-07-03', '', '0000-00-00', 1),
(1247, 104, '50', '2020-07-04', '', '0000-00-00', 1),
(1248, 104, '50', '2020-07-06', '', '0000-00-00', 1),
(1249, 104, '50', '2020-07-07', '', '0000-00-00', 1),
(1250, 104, '50', '2020-07-08', '', '0000-00-00', 1),
(1251, 104, '50', '2020-07-09', '', '0000-00-00', 1),
(1252, 104, '50', '2020-07-10', '', '0000-00-00', 1),
(1253, 104, '50', '2020-07-11', '', '0000-00-00', 1),
(1254, 105, '100', '2020-06-29', '150', '2020-06-27', 1),
(1255, 105, '100', '2020-06-30', '', '0000-00-00', 1),
(1256, 105, '100', '2020-07-01', '', '0000-00-00', 1),
(1257, 105, '100', '2020-07-02', '', '0000-00-00', 1),
(1258, 105, '100', '2020-07-03', '', '0000-00-00', 1),
(1259, 105, '100', '2020-07-04', '', '0000-00-00', 1),
(1260, 105, '100', '2020-07-06', '', '0000-00-00', 1),
(1261, 105, '100', '2020-07-07', '', '0000-00-00', 1),
(1262, 105, '100', '2020-07-08', '', '0000-00-00', 1),
(1263, 105, '100', '2020-07-09', '', '0000-00-00', 1),
(1264, 105, '100', '2020-07-10', '', '0000-00-00', 1),
(1265, 105, '100', '2020-07-11', '', '0000-00-00', 1),
(1266, 106, '200', '2020-06-29', '600', '2020-06-27', 1),
(1267, 106, '200', '2020-06-30', '', '0000-00-00', 1),
(1268, 106, '200', '2020-07-01', '', '0000-00-00', 1),
(1269, 106, '200', '2020-07-02', '', '0000-00-00', 1),
(1270, 106, '200', '2020-07-03', '', '0000-00-00', 1),
(1271, 106, '200', '2020-07-04', '', '0000-00-00', 1),
(1272, 106, '200', '2020-07-06', '', '0000-00-00', 1),
(1273, 106, '200', '2020-07-07', '', '0000-00-00', 1),
(1274, 106, '200', '2020-07-08', '', '0000-00-00', 1),
(1275, 106, '200', '2020-07-09', '', '0000-00-00', 1),
(1276, 106, '200', '2020-07-10', '', '0000-00-00', 1),
(1277, 106, '200', '2020-07-11', '', '0000-00-00', 1),
(1278, 107, '200', '2020-06-29', '200.00', '2020-06-27', 1),
(1279, 107, '200', '2020-06-30', '', '0000-00-00', 1),
(1280, 107, '200', '2020-07-01', '', '0000-00-00', 1),
(1281, 107, '200', '2020-07-02', '', '0000-00-00', 1),
(1282, 107, '200', '2020-07-03', '', '0000-00-00', 1),
(1283, 107, '200', '2020-07-04', '', '0000-00-00', 1),
(1284, 107, '200', '2020-07-06', '', '0000-00-00', 1),
(1285, 107, '200', '2020-07-07', '', '0000-00-00', 1),
(1286, 107, '200', '2020-07-08', '', '0000-00-00', 1),
(1287, 107, '200', '2020-07-09', '', '0000-00-00', 1),
(1288, 107, '200', '2020-07-10', '', '0000-00-00', 1),
(1289, 107, '200', '2020-07-11', '', '0000-00-00', 1),
(1290, 108, '100', '2020-06-29', '300', '2020-06-27', 1),
(1291, 108, '100', '2020-06-30', '', '0000-00-00', 1),
(1292, 108, '100', '2020-07-01', '', '0000-00-00', 1),
(1293, 108, '100', '2020-07-02', '', '0000-00-00', 1),
(1294, 108, '100', '2020-07-03', '', '0000-00-00', 1),
(1295, 108, '100', '2020-07-04', '', '0000-00-00', 1),
(1296, 108, '100', '2020-07-06', '', '0000-00-00', 1),
(1297, 108, '100', '2020-07-07', '', '0000-00-00', 1),
(1298, 108, '100', '2020-07-08', '', '0000-00-00', 1),
(1299, 108, '100', '2020-07-09', '', '0000-00-00', 1),
(1300, 108, '100', '2020-07-10', '', '0000-00-00', 1),
(1301, 108, '100', '2020-07-11', '', '0000-00-00', 1),
(1302, 109, '150', '2020-06-29', '650', '2020-06-27', 1),
(1303, 109, '150', '2020-06-30', '', '0000-00-00', 1),
(1304, 109, '150', '2020-07-01', '', '0000-00-00', 1),
(1305, 109, '150', '2020-07-02', '', '0000-00-00', 1),
(1306, 109, '150', '2020-07-03', '', '0000-00-00', 1),
(1307, 109, '150', '2020-07-04', '', '0000-00-00', 1),
(1308, 109, '150', '2020-07-06', '', '0000-00-00', 1),
(1309, 109, '150', '2020-07-07', '', '0000-00-00', 1),
(1310, 109, '150', '2020-07-08', '', '0000-00-00', 1),
(1311, 109, '150', '2020-07-09', '', '0000-00-00', 1),
(1312, 109, '150', '2020-07-10', '', '0000-00-00', 1),
(1313, 109, '150', '2020-07-11', '', '0000-00-00', 1),
(1314, 110, '750', '2020-06-29', '', '0000-00-00', 1),
(1315, 110, '750', '2020-06-30', '', '0000-00-00', 1),
(1316, 110, '750', '2020-07-01', '', '0000-00-00', 1),
(1317, 110, '750', '2020-07-02', '', '0000-00-00', 1),
(1318, 110, '750', '2020-07-03', '', '0000-00-00', 1),
(1319, 110, '750', '2020-07-04', '', '0000-00-00', 1),
(1320, 110, '750', '2020-07-06', '', '0000-00-00', 1),
(1321, 110, '750', '2020-07-07', '', '0000-00-00', 1),
(1322, 110, '750', '2020-07-08', '', '0000-00-00', 1),
(1323, 110, '750', '2020-07-09', '', '0000-00-00', 1),
(1324, 110, '750', '2020-07-10', '', '0000-00-00', 1),
(1325, 110, '750', '2020-07-11', '', '0000-00-00', 1),
(1326, 111, '300', '2020-06-29', '1100', '2020-06-27', 1),
(1327, 111, '300', '2020-06-30', '', '0000-00-00', 1),
(1328, 111, '300', '2020-07-01', '', '0000-00-00', 1),
(1329, 111, '300', '2020-07-02', '', '0000-00-00', 1),
(1330, 111, '300', '2020-07-03', '', '0000-00-00', 1),
(1331, 111, '300', '2020-07-04', '', '0000-00-00', 1),
(1332, 111, '300', '2020-07-06', '', '0000-00-00', 1),
(1333, 111, '300', '2020-07-07', '', '0000-00-00', 1),
(1334, 111, '300', '2020-07-08', '', '0000-00-00', 1),
(1335, 111, '300', '2020-07-09', '', '0000-00-00', 1),
(1336, 111, '300', '2020-07-10', '', '0000-00-00', 1),
(1337, 111, '300', '2020-07-11', '', '0000-00-00', 1),
(1338, 112, '180', '2020-06-29', '800', '2020-06-27', 1),
(1339, 112, '180', '2020-06-30', '', '0000-00-00', 1),
(1340, 112, '180', '2020-07-01', '', '0000-00-00', 1),
(1341, 112, '180', '2020-07-02', '', '0000-00-00', 1),
(1342, 112, '180', '2020-07-03', '', '0000-00-00', 1),
(1343, 112, '180', '2020-07-04', '', '0000-00-00', 1),
(1344, 112, '180', '2020-07-06', '', '0000-00-00', 1),
(1345, 112, '180', '2020-07-07', '', '0000-00-00', 1),
(1346, 112, '180', '2020-07-08', '', '0000-00-00', 1),
(1347, 112, '180', '2020-07-09', '', '0000-00-00', 1),
(1348, 112, '180', '2020-07-10', '', '0000-00-00', 1),
(1349, 112, '180', '2020-07-11', '', '0000-00-00', 1),
(1350, 113, '70', '2020-06-29', '640.00', '2020-06-27', 1),
(1351, 113, '70', '2020-06-30', '', '0000-00-00', 1),
(1352, 113, '70', '2020-07-01', '', '0000-00-00', 1),
(1353, 113, '70', '2020-07-02', '', '0000-00-00', 1),
(1354, 113, '70', '2020-07-03', '', '0000-00-00', 1),
(1355, 113, '70', '2020-07-04', '', '0000-00-00', 1),
(1356, 113, '70', '2020-07-06', '', '0000-00-00', 1),
(1357, 113, '70', '2020-07-07', '', '0000-00-00', 1),
(1358, 113, '70', '2020-07-08', '', '0000-00-00', 1),
(1359, 113, '70', '2020-07-09', '', '0000-00-00', 1),
(1360, 113, '70', '2020-07-10', '', '0000-00-00', 1),
(1361, 113, '70', '2020-07-11', '', '0000-00-00', 1),
(1362, 114, '50', '2020-06-29', '300', '2020-06-27', 1),
(1363, 114, '50', '2020-06-30', '', '0000-00-00', 1),
(1364, 114, '50', '2020-07-01', '', '0000-00-00', 1),
(1365, 114, '50', '2020-07-02', '', '0000-00-00', 1),
(1366, 114, '50', '2020-07-03', '', '0000-00-00', 1),
(1367, 114, '50', '2020-07-04', '', '0000-00-00', 1),
(1368, 114, '50', '2020-07-06', '', '0000-00-00', 1),
(1369, 114, '50', '2020-07-07', '', '0000-00-00', 1),
(1370, 114, '50', '2020-07-08', '', '0000-00-00', 1),
(1371, 114, '50', '2020-07-09', '', '0000-00-00', 1),
(1372, 114, '50', '2020-07-10', '', '0000-00-00', 1),
(1373, 114, '50', '2020-07-11', '', '0000-00-00', 1),
(1374, 115, '50', '2020-06-29', '250', '2020-06-27', 1),
(1375, 115, '50', '2020-06-30', '100', '2020-07-07', 1),
(1376, 115, '50', '2020-07-01', '250', '2020-07-07', 1),
(1377, 115, '50', '2020-07-02', '', '0000-00-00', 1),
(1378, 115, '50', '2020-07-03', '', '0000-00-00', 1),
(1379, 115, '50', '2020-07-04', '', '0000-00-00', 1),
(1380, 115, '50', '2020-07-06', '', '0000-00-00', 1),
(1381, 115, '50', '2020-07-07', '', '0000-00-00', 1),
(1382, 115, '50', '2020-07-08', '', '0000-00-00', 1),
(1383, 115, '50', '2020-07-09', '', '0000-00-00', 1),
(1384, 115, '50', '2020-07-10', '', '0000-00-00', 1),
(1385, 115, '50', '2020-07-11', '', '0000-00-00', 1),
(1386, 116, '200', '2020-07-08', '', '0000-00-00', 1),
(1387, 116, '200', '2020-07-09', '', '0000-00-00', 1),
(1388, 116, '200', '2020-07-10', '', '0000-00-00', 1),
(1389, 116, '200', '2020-07-11', '', '0000-00-00', 1),
(1390, 116, '200', '2020-07-13', '', '0000-00-00', 1),
(1391, 116, '200', '2020-07-14', '', '0000-00-00', 1),
(1392, 116, '200', '2020-07-15', '', '0000-00-00', 1),
(1393, 116, '200', '2020-07-16', '', '0000-00-00', 1),
(1394, 116, '200', '2020-07-17', '', '0000-00-00', 1),
(1395, 116, '200', '2020-07-18', '', '0000-00-00', 1),
(1396, 116, '200', '2020-07-20', '', '0000-00-00', 1),
(1397, 116, '200', '2020-07-21', '', '0000-00-00', 1);

-- --------------------------------------------------------

--
-- Table structure for table `ser01`
--

CREATE TABLE `ser01` (
  `id` int(11) NOT NULL,
  `invoice_no` varchar(20) COLLATE latin1_general_ci NOT NULL,
  `status` varchar(1) COLLATE latin1_general_ci NOT NULL DEFAULT '1'
) ENGINE=InnoDB DEFAULT CHARSET=latin1 COLLATE=latin1_general_ci;

--
-- Dumping data for table `ser01`
--

INSERT INTO `ser01` (`id`, `invoice_no`, `status`) VALUES
(1, '117', '1');

-- --------------------------------------------------------

--
-- Table structure for table `services`
--

CREATE TABLE `services` (
  `service_id` bigint(20) NOT NULL,
  `service_description` text COLLATE latin1_general_ci NOT NULL,
  `service_charge` varchar(100) COLLATE latin1_general_ci NOT NULL,
  `instalment_rate` varchar(100) COLLATE latin1_general_ci NOT NULL,
  `payment_frequency` varchar(100) COLLATE latin1_general_ci NOT NULL,
  `date_created` varchar(100) COLLATE latin1_general_ci NOT NULL,
  `status` int(1) NOT NULL DEFAULT 1
) ENGINE=InnoDB DEFAULT CHARSET=latin1 COLLATE=latin1_general_ci;

--
-- Dumping data for table `services`
--

INSERT INTO `services` (`service_id`, `service_description`, `service_charge`, `instalment_rate`, `payment_frequency`, `date_created`, `status`) VALUES
(1, 'Default Mode', '200', '10', '1', '2020-04-15 20:49:21', 1),
(2, 'Default Mode 2', '100', '15', '2', '2020-04-15 20:49:21', 1);

-- --------------------------------------------------------

--
-- Table structure for table `tbladmin`
--

CREATE TABLE `tbladmin` (
  `ID` int(10) NOT NULL,
  `AdminName` varchar(120) DEFAULT NULL,
  `UserName` varchar(120) DEFAULT NULL,
  `MobileNumber` bigint(10) DEFAULT NULL,
  `Email` varchar(120) DEFAULT NULL,
  `Password` varchar(120) DEFAULT NULL,
  `AdminRegdate` timestamp NULL DEFAULT current_timestamp()
) ENGINE=InnoDB DEFAULT CHARSET=latin1;

--
-- Dumping data for table `tbladmin`
--

INSERT INTO `tbladmin` (`ID`, `AdminName`, `UserName`, `MobileNumber`, `Email`, `Password`, `AdminRegdate`) VALUES
(1, 'Gideon Kiprono', 'Kiprono', 727012961, 'gideonkipronooh@gmail.com', '06d1108043ad13aebdca098c7e6bfe64', '2020-04-24 01:01:36'),
(2, 'Techy', 'admin', 8979555562, 'admin@gmail.com', '06d1108043ad13aebdca098c7e6bfe64', '2020-04-24 01:01:36');

-- --------------------------------------------------------

--
-- Table structure for table `tblclient`
--

CREATE TABLE `tblclient` (
  `ID` int(10) NOT NULL,
  `ContactName` varchar(120) DEFAULT NULL,
  `CompanyName` varchar(120) DEFAULT NULL,
  `Address` varchar(200) DEFAULT NULL,
  `City` varchar(120) DEFAULT NULL,
  `Family` varchar(1000) DEFAULT NULL,
  `NationalID` varchar(50) NOT NULL,
  `Clientphnumber` bigint(10) DEFAULT NULL,
  `Guarantor` varchar(500) NOT NULL,
  `GuarantorID` varchar(50) NOT NULL,
  `Guarantorphnumber` bigint(10) DEFAULT NULL,
  `Otherphnumber` bigint(10) DEFAULT NULL,
  `Email` varchar(200) DEFAULT NULL,
  `WebsiteAddress` varchar(200) DEFAULT NULL,
  `Notes` mediumtext DEFAULT NULL,
  `file_name` varchar(500) NOT NULL,
  `path` varchar(500) NOT NULL,
  `CreationDate` timestamp NULL DEFAULT current_timestamp(),
  `Status` int(1) NOT NULL DEFAULT 1
) ENGINE=InnoDB DEFAULT CHARSET=latin1;

--
-- Dumping data for table `tblclient`
--

INSERT INTO `tblclient` (`ID`, `ContactName`, `CompanyName`, `Address`, `City`, `Family`, `NationalID`, `Clientphnumber`, `Guarantor`, `GuarantorID`, `Guarantorphnumber`, `Otherphnumber`, `Email`, `WebsiteAddress`, `Notes`, `file_name`, `path`, `CreationDate`, `Status`) VALUES
(1, 'Nicodemus Cheruiyot', 'Micro Finance', '466', 'Litein', 'Boito Kap Nicodemus', '30619957', 716154379, 'Kiprono Gideon', '32990718', 727012961, NULL, 'kipkorirnicodemus@gmail.com', NULL, 'T.V', '254718594985_status_95aee2fbd63e476db47c6d78e1ed312a.jpg', 'upload/254718594985_status_95aee2fbd63e476db47c6d78e1ed312a.jpg', '2020-05-01 08:22:17', 1),
(2, 'Kiprono Too Gideon', 'Micro Finance', '466 ', 'Litein', 'Kamachumo- Kap Gideon', '32990718', 727012961, 'Nicodemus Cheruiyot', '30619957', 716154379, NULL, 'gideonkipronooh@yahoo.com', NULL, ' TV', 'PASSPORT (1).jpg', 'upload/PASSPORT (1).jpg', '2020-05-01 08:41:55', 1),
(3, 'WILFRED CHERUIYOT BETT', 'FARMER', '466', 'Litein', 'KIMALAL- ARAP NGENY', '13010559', 712056984, 'JANETH CHEPTANUI KOSKEI', '20361133', 702859992, NULL, 'kipkorirnicodemus@gmail.com', NULL, 'SHEEP', '', '', '2020-05-01 13:50:58', 1),
(4, 'ELIJAH KIPNGENO CHIRCHIR', 'BODA RIDER', '466', 'Litein', 'KIMALAL- ARAP KIBILO', '29087116', 702808452, 'ROSE CHEPCHIRCHIR', '', 717381299, NULL, 'kipkorirnicodemus@gmail.com', NULL, 'BODA', '', '', '2020-05-01 13:53:27', 1),
(5, 'PETER KIPCHIRCHIR SAND', 'FARMER', '466', 'Litein', 'KIMALAL- ARAP SIGEI', '23599818', 757980640, 'WESLEY SANG', '30273260', 703748462, NULL, 'kipkorirnicodemus@gmail.com', NULL, 'COW', '', '', '2020-05-01 13:56:21', 1),
(6, 'JACKLINE CHEBII CHEPKWONY', 'FARMER', '466', 'Litein', 'KIMALAL- ARAP CHEPKWONY', '29087238', 703646643, 'JULIANA CHEPKOECH CHIRCHIR', '7628800', 710125948, NULL, 'kipkorirnicodemus@gmail.com', NULL, 'COW', '', '', '2020-05-01 13:58:51', 1),
(7, 'KOSKEI KIPYEGON PAUL', 'FARMER', '466', 'Litein', 'KIMALAL- ARAP CHEBUTUNG', '11207070', 722828592, 'MERCY CHERONO', '34209103', 792236233, NULL, 'kipkorirnicodemus@gmail.com', NULL, 'CALF', '', '', '2020-05-01 14:01:25', 1),
(8, 'CHERUIYOT BENARD KIPKEMOI', 'FACTORY ', '466', 'Litein', 'KIMALAL- ARAP IRONGI', '11528634', 705942013, 'JANETH CHELANGAT CHERUIYOT', '26778921', 768167910, NULL, 'kipkorirnicodemus@gmail.com', NULL, 'COW', '', '', '2020-05-01 14:04:59', 1),
(9, 'ESTHER CHELANGAT SITIENEI', 'FARMER', '466', 'Litein', 'TOGOMIN- ARAP SITIENEI', '8021229', 768546334, 'JOSHUA KIPKORIR SITIENEI', '3851394', 0, NULL, 'kipkorirnicodemus@gmail.com', NULL, 'CALF', '', '', '2020-05-01 14:07:14', 1),
(10, 'BENARD KIPSANG MILGO', 'POSHO MILL ATTENDANT', '466', 'Litein', 'KIMALAL- ARAP CHERUIYOT', '22059825', 720467734, 'KIPKOECH JOHNSTONE', '13107792', 790791102, NULL, 'kipkorirnicodemus@gmail.com', NULL, 'COW', '', '', '2020-05-01 14:10:08', 1),
(11, 'WILBON KIPKURUI SIGEI', 'FARMER', '466', 'Litein', 'KIMALAL- ARAP IRONGI', '13033219', 724530475, 'PETER KIPCHIRCHIR SANG', '23599818', 757980640, NULL, 'kipkorirnicodemus@gmail.com', NULL, 'COW', '', '', '2020-05-01 14:12:46', 1),
(12, 'BEATRICE CHEPKEMOI MUTAI', 'TEA BUYER', '466', 'Litein', 'KIMALAL- ARAP CHEBUTUNG', '26774602', 729942210, 'KOSKEI VINCENT KIPNGENO', '10887393', 707941420, NULL, 'kipkorirnicodemus@gmail.com', NULL, 'CALF', '', '', '2020-05-01 14:15:34', 1),
(13, 'KIMUTAI VINOD SIGEI', 'FARMER', '466', 'Litein', 'TOGOMIN- ARAP IRONGI', '11205750', 701894148, 'HENDREY KIPKEMOI', '11797428', 0, NULL, 'kipkorirnicodemus@gmail.com', NULL, 'COW', '', '', '2020-05-01 14:19:11', 1),
(14, 'FAITH CHEPKOECH CHERUIYOT', 'FARMER', '466', 'Litein', 'TOGOMIN- ARAP SITIENEI', '27837065', 792748233, 'ESTHER SITIENEI', '8021229', 768546334, NULL, 'kipkorirnicodemus@gmail.com', NULL, 'SHEEP', '', '', '2020-05-01 14:21:21', 1),
(15, 'GRACE CHEBET', 'FARMER', '466', 'Litein', 'KIMALAL- ARAP MAINA', '28998535', 725463872, 'ALFRED KIPRONO', '33501109', 723230796, NULL, 'kipkorirnicodemus@gmail.com', NULL, 'CHAIRS', '', '', '2020-05-01 14:23:20', 1),
(16, 'JULIUS KIPKURUI KOSKEI', 'BODA RIDER', '466', 'Litein', 'TOGOMIN- ARAP NGENO', '21931916', 721232331, 'FLORIDER CHESANG', '27275489', 720751628, NULL, 'kipkorirnicodemus@gmail.com', NULL, 'COW', '', '', '2020-05-01 14:25:36', 1),
(17, 'WINNY CHEPKORIR KOECH', 'FARMER', '466', 'Litein', 'KIMALAL- ARAP SOMIN', '13010471', 719526079, 'SAMWEL KIBII KOECH', '0739008', 72323079, NULL, 'kipkorirnicodemus@gmail.com', NULL, 'COW', '', '', '2020-05-01 14:27:41', 1),
(18, 'FLOMENA CHEPCHUMBA NGENO', 'FARMER', '466', 'Litein', 'KAPKWEN- ARAP NGENO', '8021282', 725931635, 'FLORIDER CHESANG', '27275489', 720751628, NULL, 'kipkorirnicodemus@gmail.com', NULL, 'SHEEP', '', '', '2020-05-01 14:30:22', 1),
(19, 'GLADYS CHEPKEMOI', 'HOTEL ATTENDANT', '466', 'Litein', 'CENTER TWO- ARAP NGENY', '22925594', 713899264, 'GLADYS CHEROTICH', '', 719573425, NULL, 'kipkorirnicodemus@gmail.com', NULL, 'GOAT', '', '', '2020-05-01 14:32:39', 1),
(20, 'VIVIAN CHEPKURUI', 'FARMER', '466', 'Litein', 'KAPKWEN- ARAP TOO', '28903472', 701017514, 'RUTOH COLLINS', '23600919', 713303899, NULL, 'kipkorirnicodemus@gmail.com', NULL, 'COW', '', '', '2020-05-01 14:35:16', 1),
(21, 'GEOFFREY CHERUIYOT', 'FARMER', '466', 'Litein', 'KIMALAL- ARAP CHANGWONY', '26946768', 7, 'JACKLINE CHEPNGETICH', '36100064', 0, NULL, 'kipkorirnicodemus@gmail.com', NULL, 'CALF', '', '', '2020-05-01 14:37:50', 1),
(22, 'CLARE CHEROTICH', 'FARMER', '466', 'Litein', 'KAPKWEN- ARAP TURGUT', '36256533', 726175939, 'JOYCE CHELANGAT TERER', '', 719124371, NULL, 'kipkorirnicodemus@gmail.com', NULL, 'CALF', '', '', '2020-05-01 14:40:54', 1),
(23, 'JOHNSTONE KIPKOECH KOSKEI', 'FARMER', '466', 'Litein', 'KAPTIPIN- ARAP LANGAT', '13107792', 790791102, 'WILBON KIPRONO CHERUIYOT', '29013502', 729442729, NULL, 'kipkorirnicodemus@gmail.com', NULL, 'CALF', '', '', '2020-05-04 14:08:30', 1),
(24, 'LILY CHEPKOECH', 'FARMER', '466', 'Litein', 'KAPTIPIN- ARAP MARUTEGEK', '27015521', 7, 'MARGRET NGENY', '21042856', 726614951, NULL, 'kipkorirnicodemus@gmail.com', NULL, 'COW', '', '', '2020-05-04 14:11:30', 1),
(25, 'MARGRET CHESANG NGENY', 'MAIZE SELLER', '466', 'Litein', 'KIMALAL- ARAP NGENY', '21042856', 726614951, 'LILY CHEPKOECH', '27015521', 0, NULL, 'kipkorirnicodemus@gmail.com', NULL, 'CALF', '', '', '2020-05-04 14:14:13', 1),
(26, 'FARIDAH CHEPKORIR', 'FARMER', '466', 'Litein', 'KIMALAL- ARAP IRONGI', '31890585', 724615625, 'GLADYS CHEPKURUI', '25566647', 719233435, NULL, 'kipkorirnicodemus@gmail.com', NULL, 'SHEEP', '', '', '2020-05-04 14:16:59', 1),
(27, 'GLADYS CHEPNGETICH', 'FARMER', '466', 'Litein', 'KIMALAL- ARAP KIRUI', '21140678', 7, 'GLADYS CHEPNGETICH', '', 0, NULL, 'kipkorirnicodemus@gmail.com', NULL, 'CALF', '', '', '2020-05-04 14:19:06', 1),
(28, 'PETER KIBET  TONUI', 'FARMER', '466', 'Litein', 'TOGOMIN- ARAP CHEPKWONY', '12751865', 757815527, 'BEATRICE CHEPKEMOI MUTAI', '26774602', 743962288, NULL, 'kipkorirnicodemus@gmail.com', NULL, 'GOAT', '', '', '2020-05-04 14:24:11', 1),
(29, 'WINNY CHELANGAT', 'FARMER', '466', 'Litein', 'KAPKWEN', '1', 7, 'GLADYS CHEPKEMOI', '', 0, NULL, 'kipkorirnicodemus@gmail.com', NULL, 'CALF', '', '', '2020-05-16 13:01:51', 1),
(30, 'WESLY SANG', 'FARMER', '466', 'Litein', 'KIMALAL- ARAP IRONGI', '30273260', 703748462, 'NICHOLAS CHEPKWONY', '25628812', 725483573, NULL, 'kipkorirnicodemus@gmail.com', NULL, 'CALF', '', '', '2020-05-16 13:06:27', 1),
(31, 'JOYCE CHELANGAT TERER', 'FARMER', '466', 'Litein', 'TOGOMIN- KAPCHOMA', '21050840', 719124311, 'GRACE CHEBET', '28998535', 723230796, NULL, 'kipkorirnicodemus@gmail.com', NULL, 'COW', '', '', '2020-05-16 13:09:14', 1),
(32, 'ROTICH C. JOAN', 'FARMER', '466', 'Litein', 'KAPKWEN- ARAP TOO', '21895498', 716086266, 'JOYCE CHELANGAT TERER', '21050840', 719124311, NULL, 'kipkorirnicodemus@gmail.com', NULL, 'COW', '', '', '2020-05-16 13:15:49', 1),
(33, 'MAUREEN CHELANGAT KAPLELACH', 'FARMER', '466', 'Litein', 'KAPKWEN- KAPLELACH', '22426147', 725862015, 'GRACE CHEBET', '28998535', 723230796, NULL, 'kipkorirnicodemus@gmail.com', NULL, 'CHICKEN', '', '', '2020-05-16 13:18:01', 1),
(34, 'ROBERT MUTAI CHERUIYOT', 'FARMER', '466', 'Litein', 'KAPKWEN- ARAP CHERUIYOT', '24382613', 798177127, 'JOYCE CHELANGAT TERER', '21050840', 719124311, NULL, 'kipkorirnicodemus@gmail.com', NULL, 'CALF', '', '', '2020-05-16 13:19:56', 1),
(35, 'LEONARD KIPKURUI CHERUIYOT', 'BODABODA RIDER', '466', 'Litein', 'KAPKWEN- ARAP CHERUIYOT', '27234676', 718378271, 'GLADYS CHEPKEMOI', '22925594', 713899264, NULL, 'kipkorirnicodemus@gmail.com', NULL, 'BODA', '', '', '2020-05-16 13:23:06', 1),
(36, 'COLLINS KIPROTICH KORIR', 'BODA RIDER', '466', 'Litein', 'TOGOMIN- ARAP SOI', '36751236', 720354800, 'MARGRET NGENY', '21042856', 726614951, NULL, 'kipkorirnicodemus@gmail.com', NULL, 'COW', '', '', '2020-05-16 13:26:14', 1),
(37, 'JIMMY NGENY', 'FARMER', '466', 'Litein', 'KIMALAL- ARAP SOI', '11204432', 111, 'ELIJAH ', '111', 111, NULL, 'kipkorirnicodemus@gmail.com', NULL, 'CALF', '', '', '2020-05-16 13:45:36', 1),
(38, 'WILBON KIPRONO CHERUIYOT', 'FARMER', '466', 'Litein', 'KAPTIPIN- ARAP CHEBOMOT', '29013502', 729422729, 'JOHNSTONE KIPKOECH KOSKEI', '13107792', 790791102, NULL, 'kipkorirnicodemus@gmail.com', NULL, 'CALF', '', '', '2020-05-16 13:49:26', 1),
(39, 'GILBERT SIGEI', 'FARMER', '466', 'Litein', 'KIMALAL- ARAP IRONGI', '22504273', 111, 'MERCY SIGEI', '111', 111, NULL, 'kipkorirnicodemus@gmail.com', NULL, 'CALF', '', '', '2020-05-16 13:51:35', 1),
(40, 'PHILIP K. FRED CHERUIYOT', 'FARMER', '466', 'Litein', 'KIMALAL- ARAP RUSTAGEY', '1503676', 724532283, 'SAMWEL KIRUI', '7646662', 701296744, NULL, 'kipkorirnicodemus@gmail.com', NULL, 'CALF', '', '', '2020-05-16 14:06:58', 1),
(41, 'VINCENT CHERUIYOT CHEPKWONY', 'FARMER', '466', 'Litein', 'KIMALAL- ARAP BII', '35219821', 708898840, 'GILBERT SIGEI', '22504273', 715895396, NULL, 'kipkorirnicodemus@gmail.com', NULL, 'CALF', '', '', '2020-05-24 18:48:45', 1),
(42, 'MERCY CHELANGAT', 'FARMER', '466', 'Litein', 'KIMALAL- ARAP TERER', '37278617', 723072241, 'JOYCE CHELANGAT TERER', '', 0, NULL, 'kipkorirnicodemus@gmail.com', NULL, 'CALF', '', '', '2020-05-29 09:18:31', 1),
(43, 'JOHN KIBET LANGAT', 'FARMER', '466', 'Litein', 'KAPKWEN- ARAP CHANGWONY', '11526791', 703344253, 'CHEPKIRUI LANGAT', '35710646', 759764966, NULL, 'kipkorirnicodemus@gmail.com', NULL, 'COW', '', '', '2020-05-29 09:21:39', 1),
(44, 'LEONIDA CHEPNGENO', 'BUSINESS', '466', 'Litein', 'RUNGUT- ARAP LANGAT', '28206916', 718697262, 'EVALINE CHEPKEMOI', '12749398', 713039367, NULL, 'kipkorirnicodemus@gmail.com', NULL, 'SOFFA SET', '', '', '2020-06-09 08:49:02', 1),
(45, 'PHILEMON KOSKEI', 'FARMER', '466', 'LITEN', 'KIMALAL ARAP CHEBUTUNG', '9877874', 725843274, 'WILFRED NGENY', '1301559', 712056984, NULL, 'kipkorirnicodemus@gmail.com', NULL, 'COW', '', '', '2020-06-19 13:40:47', 1),
(46, 'BEATRICE CHEROTICH LANGAT ', 'FARMER', '466', 'LITEN', 'KAPKWEN ARAP ROTICH', '31134320', 708569663, 'FARIDAH CHEPKORIR', '25566647', 724615625, NULL, 'kipkorirnicodemus@gmail.com', NULL, 'CALF', '', '', '2020-06-19 13:44:03', 1),
(47, 'EUNICE CHEBET TURGUT', 'FARMER', '466', 'LITEN', 'KAPKWEN ARAP TURGUT', '5227747', 722774727, 'CLARE CHEROTICH', '0', 0, NULL, 'kipkorirnicodemus@gmail.com', NULL, 'COW', '', '', '2020-06-19 13:48:09', 1),
(48, 'PATRICK KIPKEMOI KIRUI', 'FARMER', '466', 'LITEIN', 'KAPKWEN ARAP TERER', '354585584', 723072241, 'JOYCE CHELANGAT TERER', '2105840', 719124311, NULL, 'kipkorirnicodemus@gmail.com', NULL, 'CALF', '', '', '2020-06-19 13:52:23', 1);

--
-- Indexes for dumped tables
--

--
-- Indexes for table `invoices`
--
ALTER TABLE `invoices`
  ADD PRIMARY KEY (`invoice_id`);

--
-- Indexes for table `invoice_items`
--
ALTER TABLE `invoice_items`
  ADD PRIMARY KEY (`id`);

--
-- Indexes for table `services`
--
ALTER TABLE `services`
  ADD PRIMARY KEY (`service_id`);

--
-- Indexes for table `tbladmin`
--
ALTER TABLE `tbladmin`
  ADD PRIMARY KEY (`ID`);

--
-- Indexes for table `tblclient`
--
ALTER TABLE `tblclient`
  ADD PRIMARY KEY (`ID`);

--
-- AUTO_INCREMENT for dumped tables
--

--
-- AUTO_INCREMENT for table `invoices`
--
ALTER TABLE `invoices`
  MODIFY `invoice_id` int(20) NOT NULL AUTO_INCREMENT, AUTO_INCREMENT=117;

--
-- AUTO_INCREMENT for table `invoice_items`
--
ALTER TABLE `invoice_items`
  MODIFY `id` int(20) NOT NULL AUTO_INCREMENT, AUTO_INCREMENT=1398;

--
-- AUTO_INCREMENT for table `services`
--
ALTER TABLE `services`
  MODIFY `service_id` bigint(20) NOT NULL AUTO_INCREMENT, AUTO_INCREMENT=3;

--
-- AUTO_INCREMENT for table `tbladmin`
--
ALTER TABLE `tbladmin`
  MODIFY `ID` int(10) NOT NULL AUTO_INCREMENT, AUTO_INCREMENT=3;

--
-- AUTO_INCREMENT for table `tblclient`
--
ALTER TABLE `tblclient`
  MODIFY `ID` int(10) NOT NULL AUTO_INCREMENT, AUTO_INCREMENT=52;
COMMIT;

/*!40101 SET CHARACTER_SET_CLIENT=@OLD_CHARACTER_SET_CLIENT */;
/*!40101 SET CHARACTER_SET_RESULTS=@OLD_CHARACTER_SET_RESULTS */;
/*!40101 SET COLLATION_CONNECTION=@OLD_COLLATION_CONNECTION */;
